0,1,2,3,4,5,6,7,8,9,10,11,12,13,14,15,16,17,18,19,20,21,22,23,24,25,26,27,28,29,30,31,32,33,34,35,36,37,38,39,40,41,42,43,44,45,46,47,48,49,50,51,52,53,54,55,56,57,58,59,60,61,62,63,64,65,66,67,68,69,70,71,72,73,74,75,76,77,78,79,80,81,82,83,84,85,86,87,88,89,90,91,92,93,94,95,96,97,98,99,100,101,102,103,104,105,106,107,108,109,110,111,112,113,114,115,116,117,118,119,120,121,122,123,124,125,126,127,target
0,-0.15976587,-0.7072507,0.34348485,0.44825372,-0.0019991486,-0.47889557,-1.2970185,0.22709224,0.6715417,-0.11545263,-0.6121992,-0.35927543,0.6957608,0.4725081,-0.26846865,-0.7980957,0.50719535,0.6004556,-0.6178107,-0.23391415,-0.6589159,0.27277413,0.25837466,0.7977191,-0.04117747,0.47509116,1.4798982,-0.20239654,-0.20380001,0.07628348,0.5943042,0.48966917,0.46767062,0.8371593,0.08165554,0.5608074,-0.29655868,-0.8604488,-0.085209265,0.34939057,-0.5377227,-0.5214214,1.3128136,0.2503396,1.1953142,0.7505531,0.013780639,-1.2705802,0.05760403,-1.3423336,0.4094771,-0.4757989,-0.2678684,-0.4141615,-0.012141932,0.9939549,0.1204616,-1.6502973,-0.12086554,-0.3957671,-0.0138390325,1.3074789,0.03975777,-0.16177042,-0.09300903,-0.24902333,-0.12211455,-0.03675455,-0.3880937,-0.34981775,0.49689713,0.7214724,-0.6733778,-0.40796018,0.8051249,-0.13123651,-0.7786733,-1.4922045,-0.08522363,-1.192284,1.4183335,0.32071254,-0.014836734,1.3802025,0.9394916,-0.7552695,-0.35957915,0.17521827,-0.6151074,-0.82688504,-1.2985337,0.5055527,-0.5927474,0.57550716,0.023567364,0.17168328,0.08215079,0.5607739,1.081439,0.079520516,0.64192003,-0.78866184,-0.150464,-0.57773525,-0.28320116,0.84547615,-1.6607326,0.21260373,-1.4873946,-1.5391432,1.07562,0.02389491,-0.6702088,-0.34747517,0.50153756,1.2409304,-0.08489616,0.15900366,-0.25201803,0.58041143,0.982397,-0.7627598,0.09001685,-0.07162245,-0.06139729,-0.31236497,0.03830403,-0.2203957,cesar
1,0.7771143,-0.0038950518,2.0465813,0.08496674,-0.7965159,1.2104901,-0.84351027,0.41291156,1.0033991,0.14107004,0.5936366,-1.6448005,0.21975873,0.38020277,-1.5317479,-0.029866103,0.3594653,-0.07413686,-0.21637931,1.8851583,0.010901086,1.2301493,1.8648688,0.6688651,0.9763097,-1.2753417,-0.605119,-0.06301081,-1.1648362,-0.62611234,-0.5954901,-1.4700654,-0.9370232,0.500874,0.68350506,1.7100738,0.20587829,-0.06320543,1.0810573,1.8366102,-0.5139517,0.3774071,0.7384279,0.5092867,-0.17475566,0.79571265,-1.5249329,1.1080627,-0.62298685,2.2214696,0.07442276,0.016853103,1.0439653,0.16766816,-1.8010222,0.38202953,0.26780403,-1.3341085,-1.7118325,-0.7424562,0.7277174,-0.30996567,0.5322903,0.35905653,-0.58767766,-0.41216475,-0.17620844,-1.0382607,-0.09023136,-1.023042,-1.3527881,0.3390447,0.49379438,-1.8476783,0.59266984,-0.648425,-0.41559696,0.04814589,-0.73341954,1.0789013,0.35480845,-0.7171545,1.4797481,1.9331584,1.6695359,-0.19190456,1.231833,-0.107535556,0.18781264,0.84037465,0.2640598,0.67498547,-0.3161968,2.1656616,0.22052164,0.8784224,-0.17414786,-1.7955523,-1.1956406,-0.55046713,1.6825362,1.2759451,0.20335978,-0.43403712,-1.3758723,-0.47938198,-1.50767,0.83210814,-0.37326935,-2.6405602,2.8812604,-0.98987085,0.8504094,1.8586988,0.36900172,0.5639794,0.9609463,0.63207954,-0.4553164,-0.6823112,0.054625444,-1.9384346,-0.9548054,-1.7921727,-1.1953021,-1.418707,-0.5369263,-0.28540254,cesar
2,1.5703143,-0.19271778,1.488791,-0.13491377,1.3343918,0.7788032,-0.2128417,-0.48063242,0.5486481,1.9390547,1.487251,-0.72958475,-0.08698431,-0.990347,-0.41601965,0.9872156,1.3993416,0.27298737,-0.26176795,0.8138296,0.094140485,0.69889975,1.8343238,1.5744027,0.9441818,-1.1597844,-0.1480727,0.22639948,-0.8097559,-0.96203935,1.3270199,-1.1516358,-0.42158523,0.61266726,0.33805063,0.95935094,1.0277358,-0.31806383,0.7366259,0.3992125,-0.96865827,-0.10895785,2.3536816,0.22610363,-0.04661662,0.44295198,-1.3641902,-0.37555552,-0.6096607,2.0197735,-0.46191305,-1.7479846,-0.3930189,0.9385096,-0.6676703,0.85242045,-0.7594509,-2.0934079,-0.61487156,-0.6966489,-0.05601511,-0.1465773,2.1707146,-0.33973792,-1.2864786,0.046550754,-1.5841961,-0.22922234,0.018171001,-0.1076556,-1.5736377,0.7147696,0.15475258,0.26595813,-0.4327677,-0.102035806,-1.052992,-1.7710773,0.29728922,0.86816406,0.44585526,0.11694005,0.0057828017,2.078169,1.7200333,-1.4075743,1.5211108,-0.06929633,0.5961343,1.557205,-1.2983519,0.70416886,0.25518644,1.9377123,0.40330383,-1.268819,-0.8383006,-0.4105436,-0.6181126,-0.7292285,1.3962004,-0.59340733,-0.39809972,-1.0202482,-0.057189953,-0.0639144,-2.0353892,-0.07857245,-1.4429487,-2.1531162,3.308941,-0.23111762,1.4345309,0.67671555,0.7704666,0.47055063,0.58911765,-0.11697371,-0.17099008,0.5024189,0.19094151,-1.699721,0.062506154,0.51238555,-1.5508783,-0.48467174,0.25548556,-0.62299705,cesar
3,1.0971248,0.18181518,2.0790753,-0.2728928,-0.69850457,0.17872614,-1.5241878,0.32613343,0.7175272,0.67763495,1.105736,-1.1799389,0.04320062,-0.60338426,-1.9458776,-0.18769845,1.2828217,-0.13254106,0.24990983,1.2785298,0.3029997,0.022754489,1.8989308,0.5974818,0.7966077,-2.3772604,-0.39079133,1.2513615,-1.3871038,-0.4969203,-1.080713,-1.4085524,-1.469341,0.2582835,0.5462792,1.5987127,0.63676643,-0.13088459,1.2148833,2.0834842,-0.89390206,-0.024169777,0.47847036,1.0669312,-0.21101716,0.5588443,-2.0066774,1.7589989,-0.60998225,1.8417174,-0.44720405,0.37067762,1.0423719,1.473292,-1.7041594,1.126857,0.58227974,-1.3954381,-2.3551445,-0.6591313,0.043777905,-0.44092792,0.6375964,0.39291626,-0.19149825,0.4128921,-0.22861528,-1.2604123,-1.1106278,-1.0119991,-1.6385964,1.1774017,0.6369509,-1.1425542,0.37368202,-0.5573619,-0.4997903,0.20570537,-0.56494975,0.617242,0.15735042,-0.23554268,1.8773205,0.98826206,1.6038909,-0.49336073,0.32538262,-0.7336931,0.14434357,1.3892039,0.16232236,0.6390638,-0.5890305,2.068062,0.83039254,0.51419616,-0.15526207,-2.1610415,-1.1949973,-0.95375955,2.1048012,1.681572,0.4441452,-0.6776324,-1.3739257,0.35494655,-1.420203,0.7785312,0.18476495,-3.2041867,2.722504,-0.99757904,0.71003044,1.4979657,0.23273395,0.9087174,1.3076087,0.728868,-0.52692306,-0.58752376,-0.098636016,-1.9103748,-0.49325758,-2.5564349,-1.1511996,-0.6954658,0.010046164,-0.94317174,cesar
4,1.0289024,-0.4542326,3.0358567,0.5246796,0.9073306,0.5575269,-0.3114109,-0.90601045,0.69319576,0.85123616,0.72266024,-1.098247,1.0033315,-1.3170787,-1.3974231,0.3544783,1.3190877,0.6007214,0.51965034,1.4699781,0.0069547594,1.151022,1.4298226,1.1853957,1.0594404,-0.8263687,-0.8950459,1.4396944,0.05977463,-1.1979359,1.0330943,-1.4760962,-1.3149745,-0.3781436,0.4041471,0.2547116,1.1043059,0.44062892,-0.45249963,0.82908916,-0.6697954,0.14743711,2.2576807,0.5773023,1.2535266,0.84263444,-1.6483175,1.3520983,0.3879285,2.023557,-0.20688947,-0.72372335,0.04156778,1.0074538,-2.5849817,1.1400317,0.27801394,-1.6546663,-0.99869704,0.07298217,0.5138888,0.94006497,0.8085974,1.4667283,-2.452553,1.079764,0.6728927,-1.4972731,0.6919356,-0.122035705,-1.4350575,-0.51101136,0.27222204,-0.04630895,-0.46763393,-0.7372176,-0.7856463,-0.4919045,-0.9964892,0.9770992,0.29157642,-0.319038,0.9144651,0.99620557,1.3169614,-1.3911461,2.219708,-0.58849293,0.25984117,0.72267395,-1.0944935,0.42584887,0.21681067,1.5003828,1.1286463,-0.7420814,-0.5434682,-1.4981846,-0.32887483,-0.7016916,1.6114517,1.0202389,0.7870813,-1.1074945,-0.72015876,1.5063814,-1.5963373,0.26709712,-0.47699234,-2.8817558,1.9334599,-0.33341968,0.17186852,1.520783,0.09915876,1.5018635,0.73373353,-0.12386766,-2.4185832,-0.7211198,0.6753801,-1.6645174,0.042098824,-0.56127065,-0.2421612,-1.0581505,0.51151574,-0.8786201,cesar
5,1.2033657,0.022380471,1.6401925,-0.13777521,0.50133264,0.8814859,-0.7431732,0.2258837,0.21224499,1.4705054,1.6202433,-0.8494585,-0.38937795,-1.233065,-0.4039645,-0.02682506,0.8548113,0.9194298,0.3872055,0.74105346,0.89198637,0.0999077,2.1236093,1.273531,0.48942998,-1.6355687,-1.701885,1.1883211,-1.3242851,-1.0586143,0.7849822,-0.8123085,-0.6869762,0.6014846,0.17569432,-0.45540679,1.7895637,0.88835186,1.2861545,0.60745025,-0.681563,0.23970994,2.3977225,-0.52860844,-0.30633435,2.0030596,-1.6407071,1.1897948,-0.024564072,2.6921003,-0.009307228,-0.81226397,1.2068434,0.7644125,-0.634585,1.8203877,-0.2991698,-1.1249448,-0.74897903,-0.99443644,-0.19930395,0.53862005,0.8391636,1.2145189,-0.90033835,-0.769389,-0.87024224,-1.4293985,-0.3309235,-0.9089428,-1.4550835,0.3060262,0.13189486,-0.20929682,-1.6061875,-0.890854,-1.2038505,-1.0066395,-1.374548,0.9947195,0.35509768,-1.2446847,0.89436144,1.0950526,1.0156149,-1.1122361,1.4360925,0.9976145,0.077481166,0.47555846,-0.7714918,0.32530198,-0.16344272,2.6369004,2.14432,-2.0730066,0.5209033,-1.7560927,-0.8257179,-1.0833728,1.7151697,-0.3122925,0.048898004,-0.43483776,-1.4414879,0.38944167,-0.7429543,-1.0400305,-0.23470958,-1.7185725,2.313477,-1.0115775,0.18097472,1.8513105,0.041555725,-0.015918244,1.0494764,0.1841782,-0.6064992,-0.15525262,-1.3950893,-1.0071523,0.44946933,-0.27377823,-2.0164628,-0.32149696,0.6322303,-0.11391394,cesar
6,0.85046875,0.14858691,2.752726,-0.586198,0.23164432,0.9095807,-1.6912407,-0.058566626,0.75798213,0.18532088,0.116542466,-0.93834454,-0.5695085,-0.2005484,-1.2598584,-0.2707079,0.5404594,0.75457877,-0.835128,0.37891358,1.0930048,0.69347644,2.8336382,0.6066203,0.9419971,-1.6803019,-1.7085472,0.95400923,-0.80124575,-0.07028974,0.5197166,-1.9080691,-1.1006031,1.2100677,0.34365222,0.76993716,1.0621015,-1.1477399,0.7592693,0.19899435,-1.4130155,-0.8494655,0.9664633,0.107073024,1.192333,1.3319473,-1.0083305,0.65016615,-0.77416086,1.744479,-0.06868981,-0.8925393,0.6296704,-0.4186158,-0.98070216,0.929199,-0.020135116,-2.0902617,0.19956529,-0.35759673,0.069649614,0.12749563,1.0637037,0.28586987,-1.2491305,-0.28349572,-1.0642064,-0.7315824,-0.9981197,-1.3219026,-1.6075705,0.5301839,0.21476424,-1.5141491,-0.12140508,0.07407739,-1.1483976,-0.56808496,-0.0949848,-0.004844241,0.014459338,-0.2781176,0.39419913,1.8137958,1.6583992,-1.2658958,0.713303,0.27026337,0.32511395,0.64614725,0.0136646405,1.2330933,-0.8623302,1.3152281,1.0634373,-0.22714941,-0.1885259,-1.6257756,-0.06661579,-0.7222668,2.264875,0.22035757,-0.18056345,-1.2816477,-1.7467437,0.5657141,-1.9933629,-0.0017335713,-0.82572913,-2.3525312,1.6716493,-0.69942474,0.63631225,0.44653112,1.7635525,1.0634739,1.5552355,0.36114994,-1.175995,0.03371177,0.25147682,-1.7248821,0.34573555,-0.76017964,-0.97150195,-1.8923784,0.35925567,-0.8777612,cesar
7,1.6928178,-0.5929272,2.2237291,-0.54781884,0.52615136,0.87760967,-0.40343955,-0.03581079,-0.037830994,1.1861801,0.1335617,-1.8192253,0.2902062,-1.140137,-1.2537026,0.42022097,0.12071972,0.6327683,0.8508244,-0.1749691,1.122036,0.7597207,2.5663428,0.30689943,0.17565359,-1.9070169,-1.4585536,1.0231344,-1.5149318,0.7292047,0.36587936,-0.7223869,-0.6173555,0.6350393,0.8935164,-0.17959611,1.1425539,-0.14414304,1.7158372,0.36806804,-0.76649064,0.09850019,1.8212528,-0.6882775,0.60360193,1.4017934,-1.7283612,1.7054683,-0.64431906,2.3925962,-0.21733867,-0.7206541,0.8259555,1.2739989,-0.9155521,0.36608732,-0.74554676,-1.3105168,-1.5619892,-0.87716985,-0.604915,-0.73347235,0.7781921,0.81633794,-1.160789,-0.72401303,-0.6557814,-1.1756575,-0.70480144,-0.4772905,-0.6426075,0.8038335,0.05171775,-0.4166882,-1.3044058,-0.57535136,-1.4542193,0.07040532,0.14693937,0.5148406,0.5204371,-0.26054686,1.4884295,0.93018216,1.2545062,-1.7739652,1.5159438,-0.52107805,-0.5482046,0.47324872,-0.32471955,1.6938516,-1.2361201,2.55578,1.4145459,-0.6788963,-0.67507863,-1.4161497,-1.3352456,-1.233248,1.9387009,-0.008235745,-0.23504043,-0.9968171,-2.578462,0.7590692,-1.6690931,-0.860886,-1.0741242,-2.1068852,1.5157117,-1.1783808,0.3151847,1.0926946,0.7965687,0.5396031,1.8542961,-0.5688282,-1.8116899,-0.44062924,-0.44746524,-1.3584409,0.85737646,-0.3482287,-1.4715289,-0.7938301,0.049448036,-0.69485974,cesar
8,1.0427788,0.38088736,2.5472977,-0.5191843,0.15037206,1.2566092,-1.4682677,-0.11825998,0.7291885,0.2709552,0.07150977,-0.8208019,-0.688612,-0.22712828,-1.1398939,-0.49478394,0.45739847,0.53743476,-0.84697,0.29275528,0.9643265,0.39195192,3.1960354,0.5552127,0.6268875,-1.4851646,-2.1458712,0.54239935,-0.838809,0.19061147,0.6805968,-2.0640297,-1.7066976,1.409661,0.5593932,0.4391386,0.73987937,-0.8627149,1.0836027,0.02811665,-1.3263309,-0.6644651,0.9936476,0.00047200918,1.4269445,1.2341794,-0.5587924,0.75042975,-0.6560189,1.9086888,-0.09440133,-0.9600541,0.7846069,-0.59676653,-1.1231534,0.45531833,0.14876331,-2.00849,0.35055253,-0.36535183,0.07165407,-0.08503535,1.2333765,0.051407382,-1.3301871,-0.39510477,-1.1908882,-0.7540148,-0.9943884,-1.0129217,-1.4942484,0.552865,0.13367108,-1.3321238,-0.3082692,0.09022932,-1.2777733,-0.43285987,-0.08853283,-0.26654816,0.1528382,-0.51200366,0.2973422,1.5391476,1.357889,-1.2938813,0.80585915,0.05800192,0.0364675,0.58651274,0.15409696,1.0766035,-0.99852747,1.285854,1.1532122,0.040662467,-0.11157791,-1.1955256,-0.33430398,-0.82730424,2.063477,-0.16328342,-0.3380112,-0.935128,-1.7462099,0.75145674,-2.007124,0.08028088,-0.99772954,-2.1011279,1.5621294,-0.5067775,0.6502923,0.34004182,1.6446943,0.95102274,1.1219745,-0.22637203,-1.2181735,-0.15860344,0.17340133,-1.9918586,0.24776037,-0.64120495,-1.1771821,-2.217865,0.20268413,-1.2885059,cesar
9,1.009956,-0.44378477,1.487739,0.7937858,0.9671829,0.5483045,-0.62283117,0.12250826,0.92067707,-0.33635426,0.93269527,-1.0130788,0.341439,1.3428034,-1.4931715,-0.8066965,1.4379951,-0.42375118,-1.4182842,0.741512,1.2510343,-0.22849098,1.1735092,-0.2623643,0.48646328,-2.311856,-1.085772,0.78582394,-1.9056053,-0.92205536,1.0029159,-0.60806096,-1.0566095,-0.36013693,0.7916934,1.5364255,-0.45240018,0.81694716,0.12249282,3.366082,-0.75655115,0.7363563,2.4393635,-1.321209,-0.65772855,0.91915005,-0.22140327,1.9830587,-1.0576756,2.505541,-1.7043183,0.573647,1.3598133,-0.046065815,0.06920346,0.72057515,-0.022906777,-0.13380787,-0.92196214,-0.6255037,-0.09625776,0.4501534,-0.18900947,1.0732666,-0.78309876,-0.8992743,-0.8370654,0.91221786,-0.4933788,-0.71899307,-0.8115318,0.6393515,0.75027084,-0.9362319,-1.1882627,0.17609033,0.8580332,-0.9948858,-1.7629106,-0.123588,0.4311368,-1.1177064,1.7221375,0.9281693,1.5662472,0.021402128,1.4295149,-0.47440135,0.97112286,0.5380163,-0.20364851,0.89234954,0.5214112,1.1890131,1.1285553,1.2493963,-0.77546585,-0.20137401,-0.7124016,0.11437551,1.8925546,1.6170781,-0.25633696,-2.5343685,-0.51502657,-1.637995,0.36335644,0.62319005,0.9742923,-2.993671,1.9071543,-0.06725347,0.74937725,1.3351651,-0.6192516,0.43897566,0.9670297,2.2493517,-0.27068165,-0.4004373,-0.67855525,-0.68836594,0.042985506,-2.148776,-0.033320367,-0.52505684,-0.3454834,0.13715509,cesar
10,1.2569857,-0.105011,1.1503265,1.5846626,1.0190041,-0.085311815,-0.8831409,-0.92993045,0.9250284,-0.31219035,0.69744724,-0.35781866,0.18896286,1.1797128,-0.70790803,-0.9543133,1.241568,0.27770692,-1.5730104,0.96694124,0.8552507,0.24143882,1.1146133,0.35226467,1.4244721,-2.2814372,-1.3948056,0.47514495,-0.9533224,-1.3019489,1.6463902,-1.1892899,-1.5298272,0.060080938,0.058568977,1.3613666,-0.6418348,0.8308435,-0.8359906,2.3176699,-0.30059636,0.87139577,2.6479537,-0.93782115,-0.54158944,1.0263585,-0.07544677,1.2317208,-0.64162004,3.138486,-1.5800016,-0.14982699,1.3928288,-0.34276414,0.04416088,1.180494,-0.27998307,-1.0474855,-0.18779407,-0.00780024,0.27926466,0.527321,0.27628583,0.6158073,-0.8368801,-0.603678,-1.0217106,0.73231035,-0.8222995,-0.11722104,-0.9589429,0.68457747,0.5607068,-1.1025486,-1.4021474,-0.44818363,0.9287554,-1.5270798,-2.181347,-0.097154215,0.24339312,-1.1047959,1.5395402,1.9391373,2.057141,-0.14881301,1.2412035,-0.3092574,1.3816683,-0.006609427,0.07087286,0.52109146,0.9543816,1.1627318,1.1040119,-0.12534648,-0.2103523,0.36608955,0.228165,-0.19582362,1.9034433,1.4336627,0.45494622,-2.1785147,0.41438693,-1.2739865,0.18665601,1.3645492,0.12294692,-3.0932806,2.1002986,0.504599,0.7255856,1.3749372,-0.21241261,-0.08501467,0.9214226,2.3872347,-0.36224705,0.090206906,0.36267376,-0.8265034,0.14609115,-1.7422991,-0.27206898,-0.9659081,-0.90223014,0.46566305,cesar
11,0.65051365,-0.08836283,0.7489244,1.555946,1.3258159,0.019215258,-0.7926848,-0.46083662,0.8726864,-0.5247365,0.8326223,-0.4345341,0.30898613,1.0999513,-0.94891834,-0.88511336,0.89197457,0.25350583,-1.6316369,0.64565825,1.056319,0.29391328,1.2133685,0.042349547,1.074529,-2.1328185,-1.090773,0.5505643,-1.550626,-1.7593272,1.2125064,-0.8512712,-0.736868,-0.609001,0.38843796,1.4544902,-0.018152427,0.21338272,-0.32681867,2.166001,-0.2676167,1.2085955,2.126071,-1.4147921,-0.7771893,1.140541,-0.6211343,1.413499,-0.71701264,3.381456,-1.717593,0.2109311,1.5977622,-0.27018684,0.53307265,1.785428,0.12601587,-1.0408624,-0.48652285,-0.61678904,0.17760354,0.43624276,0.28380567,1.0999234,-0.7656663,-0.5872377,-0.7783047,0.8623277,-0.7826222,-0.40429276,-0.92297524,1.360264,0.24663615,-0.9519243,-1.2500912,-0.7355897,0.64193666,-1.0755167,-2.2073183,-0.06965844,-0.18539503,-1.0354886,1.3958174,1.6703199,2.4096143,-0.050034456,1.0084414,0.06295864,1.1994542,0.097605675,0.0040678456,0.8251913,0.91912305,1.6659682,0.8976622,0.10091594,-0.15243831,0.0772257,-0.27522117,-0.50256366,1.7889789,1.4267364,0.42363805,-2.6659048,0.42677963,-1.7218119,0.30018622,0.9551096,0.48237878,-2.540272,1.9187611,0.59736544,1.011274,1.8047856,-0.4737888,0.4681588,1.2041076,2.462721,-0.18678403,0.33412164,-0.29023474,-0.84205663,0.7065785,-1.8311046,-0.09192532,-0.9863403,-0.58574635,0.62107456,cesar
12,1.1554765,0.2990815,1.8768226,0.35737708,0.58256084,0.9769889,-0.5754022,0.25789797,0.9874459,0.61533827,1.2202059,-0.73744166,0.47858548,-0.16338342,-1.358491,0.08663662,2.0369754,0.077077284,0.22070652,1.6588917,0.13626482,0.7297242,1.4914706,0.5350256,0.86660004,-2.0569239,-0.7706114,1.1765883,-1.180188,-0.85621715,0.6155673,-1.512138,-0.50839174,-0.35574076,-0.8200417,0.40914878,1.2490162,0.6668062,0.7356835,1.3502666,-0.9947528,0.2933664,1.7603698,0.26807633,-0.38382575,2.194738,-2.275946,0.6491169,-0.41502118,2.3841667,-0.20134415,0.057795882,0.50388044,0.72689027,-1.1064581,0.9276427,-0.24556215,-1.1356324,-1.4763623,-1.0826313,0.095483385,0.8728901,1.4744833,1.4433223,-0.87468314,-0.22344054,-0.7234518,-1.1779642,-0.026620962,-1.1476274,-1.6539985,0.8013084,0.27324423,-1.0091773,-0.72832173,0.03384339,-0.64374626,-0.8061725,-0.36604193,1.32946,0.20344546,0.020234399,1.2308178,1.2420635,0.98742133,-0.56174886,1.18004,0.16778784,-0.5696771,0.6976948,0.1450091,0.52346456,0.3850355,2.3545969,1.130086,-1.026806,0.34538487,-1.1460564,-1.3435235,-0.89681756,1.7838387,1.1681552,0.59225684,-0.512815,-1.5434483,0.21097721,-1.4752374,-0.3272807,-0.64443785,-2.5834827,2.082025,-0.49201906,0.7962605,1.6769156,-0.048089683,0.50347257,0.50654924,0.9270677,-0.41874745,-0.35556212,-0.89898527,-0.6122619,0.26187813,-1.3225901,-1.1922908,-0.9833113,0.18724641,-0.11842549,cesar
13,0.86410034,-0.12955649,2.038569,0.66647184,0.8157211,0.33857307,-0.8336069,0.9598542,0.670057,0.90757877,1.3343089,-0.5454479,0.82311875,0.008536145,-0.7571628,0.25425756,1.6135253,0.26883852,-0.33911523,1.9857194,-0.03139586,0.7147345,1.6601009,0.855947,0.24140604,-2.5791137,-1.2839186,1.8065004,-1.4238441,-0.5931115,0.7502074,-1.7684631,-0.75017107,-0.28074923,-0.80254203,0.37876266,0.8739948,0.1123559,1.1798007,1.4441878,-1.1740485,-0.024279658,2.019312,-0.29970145,-0.25321582,2.2162313,-1.6866354,0.1608745,-0.6744023,2.4244769,-0.19743656,-0.07290645,0.18112144,0.58984184,-1.2135638,0.46201533,-0.48196045,-1.0196873,-1.2697755,-0.6722248,0.14701223,0.5539262,1.9263183,0.6478181,-0.60053205,-0.88437355,-0.848008,-0.8473884,-0.25485402,-1.1080934,-1.9566172,0.9602637,0.49965048,-0.53495336,-0.9804468,0.15423033,-0.6024714,-1.0376348,-0.13426669,1.5416358,0.47239444,-0.31999108,1.259507,1.4034576,0.5757794,-0.9153198,1.1202017,0.42983222,-0.72618866,0.93024206,0.52722037,0.77133816,-0.12677166,2.4335885,0.71530986,-1.4645226,0.3067221,-0.7320374,-0.9960554,-0.7551509,1.498754,0.8907597,0.36846906,-0.5217933,-1.2185161,-0.05975453,-1.3528838,-0.6655115,-0.9699116,-2.042151,2.6502779,-0.4528501,1.0379704,1.0628572,0.7860234,-0.0029574037,1.0091075,0.98225856,-0.1962778,-0.36177945,-1.3367274,-0.5753335,-0.17726736,-0.91297495,-1.60979,-1.0164618,-0.6351771,-0.16775079,cesar
14,0.8088155,0.12808141,2.1883855,0.4979656,0.022648158,1.3143892,-1.3263156,-0.32644483,1.0446614,1.2283427,1.2007748,-0.5986299,0.3028112,-0.30566382,-1.2435886,0.54232514,2.2047637,-0.07050206,0.53021175,1.2093772,0.7682084,0.49181744,1.8870138,0.3442115,1.0303376,-2.4912407,-0.7862148,1.1213838,-0.3973804,0.045094647,0.47905797,-1.9876229,-0.6706064,0.51596063,-0.008523787,-0.023661625,1.0260257,0.7816424,1.095037,0.7459607,-1.0275149,0.2756788,1.1169856,0.8013024,-0.41004843,1.7094529,-1.839343,0.26466918,0.26389915,2.5482275,0.052250817,-0.73041505,0.7572145,0.26489726,-1.3181818,0.87834,0.58357203,-1.8146707,-0.7392802,-0.85026693,-0.041243687,1.0306572,0.9330222,0.84604686,-0.7127378,-0.5077601,-0.8701841,-1.0808165,-1.0337902,-1.0674248,-2.1186671,0.44552985,0.18655458,-1.4633435,0.07111433,0.7118581,0.015070215,-0.31127992,-0.6024656,0.96909845,-0.42339668,-0.31098616,1.1797129,1.0989825,1.489506,-0.7243926,1.2366562,0.5770027,-1.3486603,0.69722784,0.44142976,1.2837214,-0.02696945,1.7436012,1.5750722,-1.2531062,0.2874858,-1.2867849,-1.170959,-1.3722162,1.8676351,1.1538316,0.19792965,-0.7097766,-0.9008248,0.8921168,-1.5321882,0.17579508,-0.5234438,-3.0018177,2.4653354,-1.0440066,-0.18551481,1.3485818,0.1161054,0.45124057,1.325875,0.87038386,-0.70273936,-0.012257185,0.009710059,-1.404857,0.31776547,-1.1290252,-0.3583318,-2.0058596,-0.19252004,-0.020107578,cesar
15,1.1018139,-0.16154438,1.769237,0.5191508,0.100485,1.2358576,-1.2481996,0.25919926,0.970609,0.87961316,0.94596547,-0.51614696,0.5563269,-0.34433153,-1.3570495,0.21773241,2.012612,0.0024609417,0.6130386,1.7851765,0.13230912,0.66059756,1.8151137,0.62062544,0.4826208,-2.507164,-0.9215827,1.3796083,-0.63630944,-0.24536167,0.5203283,-1.6797013,-0.5486554,-0.13103816,-0.6437116,-0.115031034,1.3922634,0.8860195,1.1645637,1.1003919,-1.024048,0.34996447,1.6937734,0.19693613,-0.25257948,1.8154907,-1.8108388,0.5968932,-0.28024942,2.5111797,0.024914201,-0.34678552,0.4961049,0.7900972,-1.4508402,0.8896427,0.115858436,-0.95214707,-1.3917109,-0.90516746,-0.046965692,0.7945756,1.3295165,1.2498419,-0.859944,-0.03467889,-0.3744005,-0.90328395,-0.5415588,-1.4562461,-1.9396024,0.6200701,0.2427978,-0.5448824,-0.67366195,0.4515872,-0.69306815,-0.7886846,-0.40476853,0.9993371,-0.051710993,-0.11384432,1.5098752,1.3804101,0.7719535,-1.0314263,1.6267676,0.5649328,-1.253144,0.65162235,0.20424685,0.5453948,0.03313047,2.0879748,1.0892621,-1.2031965,0.17549631,-1.2588798,-1.3551266,-1.151756,1.523567,0.9300873,0.43400866,-0.32087976,-1.4563949,0.45209658,-1.5260408,-0.422125,-0.3487672,-2.6967254,2.4653485,-0.985465,0.43471605,1.4372483,-0.033838607,0.24971706,0.79366934,0.8878435,-0.5485822,-0.4508918,-0.8461385,-0.79449415,0.24695612,-0.9444367,-0.8200194,-1.2264304,-0.114854164,-0.32355314,cesar
16,0.15339917,0.14727396,1.1811299,0.09819286,0.85804033,0.71872973,-0.93178064,-0.7605826,1.9962095,-0.9025418,0.74086976,-1.0827804,1.4010954,-0.7149111,0.5807349,-0.08341966,0.068047754,0.86979973,-1.4693239,2.0205836,1.0804236,1.0360261,1.2818065,-0.12998441,1.6455415,-0.3457389,-1.1810197,0.20050943,0.23368385,-0.15904039,0.9388348,-1.7162808,-0.55764085,0.26014817,0.198657,1.032879,0.57464445,0.065212205,-0.08749387,1.1227288,0.72954243,1.1155674,1.3914008,-0.35659033,-0.59976834,1.1446077,-1.2854134,0.25237626,-0.105394244,2.2326765,-0.57381445,-0.8442111,0.669656,1.4822875,-1.2617035,-0.77397007,-0.32138762,-2.265985,-0.013217162,-0.34970936,1.4921626,-0.11347455,0.538131,0.42077723,-1.0102998,-0.4058283,-0.5979777,-1.2294321,0.12446662,-0.78001094,-1.7457722,1.0060489,0.020506963,-2.3763976,-0.8087233,-0.6739718,0.7854154,-0.66095203,-0.63756514,1.1033995,-1.24636,-0.531317,1.1770613,2.0752203,1.4148911,-0.6381888,1.4426931,-0.13842507,0.62007546,0.4823427,0.2873942,0.1619405,-0.37630844,1.2385662,-0.053866364,-0.09765484,0.07481235,-0.9501497,-0.7018943,-1.3730348,2.9232028,0.76179856,0.37945244,0.6695734,-0.1172121,1.9688761,-1.6533952,-0.078183964,-0.2055606,-0.8648709,2.6397312,-1.2349794,0.055230707,1.1574633,1.1479975,-0.0026900545,-0.5779331,-0.43963337,-0.043708213,-1.1743997,0.98688006,-0.4774771,-0.05626218,-1.4882512,-1.3927304,-1.8461754,-0.006129632,0.5400866,cesar
17,0.39426872,1.2884574,1.4426501,1.071684,1.2158021,1.4477971,-0.035707936,-0.21453589,1.2447445,0.9476658,0.35750955,-0.10425505,-0.86854583,-0.42934847,-1.2843467,-0.10784839,1.3110523,-0.13729283,-0.45249122,0.31895396,-0.11967516,0.5617153,0.27915567,0.039070364,0.010769794,-1.7004085,-2.1527824,0.76923317,-1.5330914,-0.8128513,1.5777214,-2.6847723,-0.80618703,-0.933176,0.45851794,-0.19953023,0.9992802,-0.05624742,1.4083405,0.8410375,-1.1476743,0.18610373,1.2107666,0.9270705,0.12075953,1.8829608,-2.2308893,1.6868159,-0.25075614,2.8228273,-0.12845436,-0.46052265,0.8215987,0.20654663,-0.24186856,0.7836457,0.023795031,-1.717073,0.49983823,-1.0109841,-0.54311424,0.34947032,1.2191122,0.7341281,-0.549418,-0.15938969,-2.4257936,-0.59464383,-0.69719255,-1.1558759,-2.051177,-0.061833538,0.15028226,-1.9311602,-1.1145827,0.21122506,-0.24815428,0.47806767,-6.1281025e-05,1.5490813,-0.03212221,-1.1627928,0.27950025,0.21210085,0.15687293,-1.5983564,0.32376644,0.9286586,-0.7224628,0.81233394,0.5816613,0.5147739,-0.53001314,0.91927385,1.0297537,-1.6502856,0.59465873,-1.2550573,-0.9475216,-0.22347708,1.358615,1.1885843,-0.50281143,-0.05949986,-1.4466822,-0.24352603,-0.45183498,-1.0079542,-0.7293293,-2.058076,2.2139823,-0.7606999,0.78094435,1.6443632,-0.25614965,0.495712,1.2523029,1.1337069,0.06285247,0.444329,-0.98597455,-1.5171592,0.82540536,-0.888858,-1.2013791,-1.6441938,0.9055553,0.035901133,cesar
18,0.5200509,0.21194774,1.8324507,0.6119061,0.24082346,1.3722796,-1.0286596,-0.4711175,1.1303844,0.9120926,0.98504454,-0.9116604,0.24047543,0.2112365,-1.0381504,0.29056275,1.8277878,-0.5796028,0.44165602,1.7417233,0.701102,0.28206784,2.1813614,0.051390942,1.3802564,-2.502569,-0.11628855,0.097348705,-0.9949298,-0.17494586,0.6950128,-2.3461695,-0.3766474,0.06577485,-0.39331785,0.56655484,1.1833925,0.93013996,1.1084719,1.3645948,-0.5536085,0.44665018,1.3828125,1.0291424,-0.54087466,1.2880121,-1.8276533,0.76599586,-0.3633973,2.3470376,-0.30290198,0.13066232,0.74881905,0.69614637,-1.6666299,0.26972213,0.5889342,-0.76956797,-0.8585503,-1.1831485,0.6853931,0.19940059,0.5952327,0.49071857,-0.86132604,-0.91091317,-0.7323695,-1.0207763,-1.6984076,-0.8813237,-2.2382457,0.6630324,0.026026398,-1.5744532,-0.70397246,0.49170792,0.8552698,-0.03499082,-1.0947653,0.8031453,-0.93818706,0.17904371,1.830764,1.9152426,0.9873582,-0.4497802,1.859279,-0.40192574,-1.3052862,0.075758934,0.002985321,0.3370912,0.42450622,1.7948428,0.81473583,-1.1565695,-0.14942043,-1.4382063,-1.5001168,-1.0288823,1.6105862,1.289504,0.34581736,-0.35840926,-1.0548991,0.3321445,-1.7811772,0.5848403,-0.06863108,-2.42662,2.1031952,-1.1881275,1.0899736,1.6115525,-0.360091,0.43118173,0.8010545,0.66941345,-0.8689116,-0.2536934,0.08078541,-1.2321942,-0.18664008,-1.144943,-0.28094888,-1.9080402,-0.040659875,0.37533137,cesar
19,0.116965815,-0.14274508,2.2654753,0.63380885,0.89755553,1.1829909,-1.1810032,-0.26470265,0.8465818,0.82901704,1.2115076,-0.61205244,0.2838626,-0.6272718,-0.7982372,0.4601475,2.0851278,-0.07086877,-0.46668613,1.6560215,1.4030937,-0.45432127,2.2646375,0.46300986,1.4998306,-1.9676006,-0.48168835,1.2460225,-0.688107,-0.9720777,1.0221953,-2.1554358,-0.49134022,-0.33756623,-0.14092818,0.6652901,1.1589099,-0.17502025,0.26204526,1.7077175,-0.71237415,0.51246184,1.5638752,0.62461615,-0.5041512,1.5676109,-1.6711744,1.2866949,-0.5113241,2.244203,-0.17968251,-0.40176696,0.7501111,1.6678615,-0.85859805,0.8527344,0.26231188,-1.7345519,-0.45019767,-0.48018163,0.9065276,0.12397818,1.4081955,0.8058971,-1.1211257,-0.5085885,-1.0618349,-0.4791615,-0.9661233,-0.7268654,-2.996531,1.3256903,0.4269022,-1.2325847,-0.48210597,0.36240047,0.862257,0.17713758,-0.80381733,1.2241597,-1.9927783,-0.01476096,1.1475133,1.0775539,1.1842316,-0.58142036,1.6911839,-0.7914139,-0.026206547,1.0168492,0.0690424,0.61731917,0.26593652,1.6767622,1.2848277,-1.1501981,0.36852944,-1.6001058,-0.9722137,-0.9819984,2.5049791,1.4877362,0.43399683,-0.023496341,-0.2733122,0.26417118,-2.1287105,0.39001957,0.17009246,-2.3490934,2.2239823,-0.9916262,1.0813285,1.1059334,-0.07429779,0.8563551,0.693665,1.1210381,-0.5679477,-1.0744644,0.113816276,-1.3283069,0.1667866,-1.3894504,-0.6634163,-1.7835195,0.20832331,0.2043583,cesar
20,0.31583753,-0.24429074,1.7569987,0.3085682,-0.21222341,0.40490648,-1.3618197,0.016744122,1.5231627,1.1811401,0.22109583,-0.9713629,-0.722208,0.13235699,-1.3283523,-0.14988437,-0.033672333,0.8889447,0.11948104,0.9932603,0.7928877,-0.1398186,1.7928822,0.21395731,0.43593833,-2.6905434,0.32785034,0.123834506,-2.1398706,0.36659384,0.59351146,-1.3343971,0.40688092,-0.15801579,-0.8793918,-0.22526032,0.72634465,0.7501035,1.7891252,1.4218267,-0.6432178,-0.5354166,1.6393985,-0.6937339,0.40513417,1.3261334,-1.6996465,0.27625766,-0.4742353,1.6776745,-0.7180246,-0.20634486,1.3573648,-0.0055306703,-0.9185038,0.24274652,0.32126975,-0.48043996,-1.5524865,-1.01276,0.77391,0.5528502,-0.064396575,0.15508658,-0.6475918,-0.92226535,-0.26089045,-0.6492977,-1.20087,-1.1401834,-1.3371913,0.19660097,0.30541405,-1.1066657,-0.62391466,-0.44027445,-0.08542258,-0.7158608,-0.3876595,0.28815192,0.6126425,-0.8018677,2.3512866,1.8455969,0.71880376,0.33877477,1.1785249,0.8869515,-0.9992099,0.4419921,-0.5206034,0.5200896,0.30810672,2.8210795,0.6495749,-1.5339478,-1.1280428,-0.53401184,-1.185884,-0.48032135,1.3571934,0.94119346,0.68379885,-1.499863,-0.9520707,-0.87751293,-1.9588909,0.6416471,-1.478528,-1.511289,2.2508342,-0.9976211,-0.22900671,1.2616159,-0.8674099,0.6741656,0.668326,1.093184,-1.1310463,0.48806867,-0.9011692,-0.8439971,-0.7430181,-0.48806474,-0.8378674,-1.1724616,-0.49858972,0.70047253,cesar
21,1.0547993,-0.80817115,2.1197014,0.70981747,0.087164365,0.50489837,-0.90879637,-0.11125317,1.7242578,1.1135062,0.30972174,-1.5771743,-0.2960109,-0.015851125,-1.55383,-0.18221769,0.59344566,0.44398916,0.16248813,1.4350361,0.80591154,0.09476258,1.6969771,0.806108,0.73911905,-2.5646276,-0.147923,0.079987876,-1.169562,-0.39884958,0.64632225,-1.6196922,-0.2470913,0.10797297,-1.1136591,-0.12505636,0.47166252,0.9858828,1.3712475,1.0278686,-0.34327778,-0.34514788,2.3600748,-0.31782418,-0.19575804,1.5413618,-1.802326,0.7181661,-1.288882,1.5799917,-0.47081417,-0.014729772,0.3204901,0.4842241,-1.1109991,0.46968448,0.43127272,-0.4533165,-1.7260492,-0.9610049,0.56656146,0.23109506,0.58935595,0.86581725,-1.1278491,-0.13770294,-0.36769843,-1.0563705,-1.2286792,-1.0884588,-1.3670758,-0.23588508,0.36741963,-0.87369066,-0.8738722,-0.17992806,-0.40602502,-0.8365337,-0.67152184,0.63802093,0.64134914,-0.67277217,2.3648107,1.7683657,0.61726165,-0.6674274,1.5895644,0.13832572,-0.7239634,0.042591974,-0.38828388,0.1408681,0.54443,2.8650942,0.8158314,-1.7934705,-0.8998543,-0.7668522,-1.542047,-0.8807,1.2460469,0.8104346,0.49463797,-0.4860331,-0.9354289,-0.31898367,-1.6668562,-0.12946859,-1.4060144,-1.7909429,2.6264834,-0.8669492,0.6138513,1.2567337,-0.9667227,0.10603112,0.4381315,0.9424034,-1.4048277,-0.2548644,-0.8063419,-0.4606425,-0.42642003,-0.4500648,-1.057524,-0.68422174,-0.31232572,0.45652097,cesar
22,-0.07646887,-0.26371926,-0.4554722,-0.2610812,-0.037248075,0.0096140895,-0.46539846,-0.02805958,0.16692346,-0.05674809,-0.0966867,-0.03131105,0.24189173,-0.5702455,-0.399894,-0.0008329563,0.09568792,0.30130017,0.395502,-0.39449224,-0.043722294,0.25872993,-0.4092659,0.45785722,0.48694062,-0.3945782,-0.1296306,0.2597599,-0.23735316,-0.14285271,-0.106901035,0.112048805,0.38067976,0.24320903,0.31881833,0.02636879,0.40425387,-0.23198363,0.23198147,0.16893217,0.20187841,0.85729235,0.15027806,0.100075856,-0.14770725,-0.5212113,-0.031244893,0.17831758,0.23457487,0.331586,-0.6262809,-0.03459664,0.02374003,-0.12823318,0.023758974,0.60982275,0.5680718,-0.3697284,-0.10631791,-0.54996765,0.0944263,-0.3314559,0.056564245,0.35371873,-0.037844583,0.80898535,0.044621214,0.13407066,-0.013991557,-0.74847853,0.1512048,-0.34198904,-0.1764174,-0.48830062,0.54011387,-0.6143857,-0.22732837,0.30313313,-0.113887616,0.04153487,-0.0047266614,-0.40428442,-0.14119181,0.47757784,0.48340008,0.5397446,0.13612565,0.19459541,-0.43601462,1.0349486,0.26806897,0.19288766,-0.41191757,0.1701062,0.18487416,0.38519812,-0.37984926,-1.0134804,-0.79528034,0.29608533,-0.13594979,0.45970184,0.30018675,-0.70209867,-0.26173553,-0.32394922,-0.7154155,-0.21064717,-0.39897317,-0.51309824,0.51806474,-0.2849967,-1.0736287e-05,0.829406,-0.12560666,-0.035591744,-0.05423345,-0.013945147,0.46143574,0.48435405,-0.27817976,-0.46005887,0.15936393,-0.27534527,0.13833457,-0.39066344,0.5795405,-0.119756624,cesar
23,-0.10855824,-0.53133196,0.28891298,-0.6537008,-0.3440837,0.45172563,-0.44322747,0.16250423,-0.0019016303,0.22660765,-0.2930145,0.3741139,0.9867881,-0.20977426,-0.24298728,-0.5141756,0.18181375,0.29786813,0.6023539,-0.18335065,-0.14434934,0.038728636,-0.10856599,0.724705,0.33032322,-0.39464068,-0.09375708,0.34137443,-0.19624914,-0.36941466,-0.2983548,0.35835242,0.252737,-0.1093376,-0.02062538,0.27411717,-0.30510584,-0.22288552,0.29135704,0.04341992,0.36034083,0.5766914,0.5173838,0.5641358,0.30008286,-0.27455035,-0.06486749,-0.43205166,-0.20543456,-0.018157281,-0.9559445,0.1080849,-0.56280804,-0.3203034,-0.22144458,0.48771632,0.48452073,-0.5714161,-0.25626066,-0.59036267,0.46631318,-0.060300384,-0.119442314,-0.09810129,-0.22834066,0.5136029,0.021852776,-0.28915757,-0.37460336,-0.56409335,-0.23836099,0.19447303,0.48541725,-0.35137177,1.1482314,-0.78787106,-0.7887889,-0.44509614,0.034820445,0.5427865,0.7551598,-0.07451706,-0.5688621,0.25972465,0.40624693,0.53763115,0.23161247,0.16817461,-0.40400246,1.0355494,0.14395005,0.5237971,-0.73608315,-0.10242548,0.4430355,0.7159229,-0.4488624,-0.63236594,-0.94486314,-0.26053378,0.04626274,-0.08388925,-0.03700851,-0.9178668,-0.1903652,-0.49463856,-0.53144526,-0.39895266,0.42084545,-0.57127887,0.37860313,-0.27533317,0.04669463,0.73611057,-0.10256442,-0.04149012,-0.13573614,-0.035381168,0.63896835,0.4181976,-0.39816403,-0.37562537,0.24464568,0.05208446,0.36639088,-0.39711317,0.82449883,-0.09175326,cesar
24,0.3895635,-0.6412754,0.10583869,-0.6366475,-0.986287,0.6404028,-0.46801317,-0.26995057,-0.024746947,0.7452826,-0.7044737,0.4159518,0.8205036,-0.27472153,-0.05501692,-0.5220877,0.49405766,0.47339207,0.090000056,-0.49437144,-0.16752696,0.40841478,0.73056436,0.76149297,0.258355,-0.40896612,-0.05715126,0.002912879,0.4477716,0.094663605,0.26484346,0.21918218,0.76852727,0.16650334,0.04938858,0.317642,-0.496142,-0.22200468,0.11252323,-0.61158895,-0.1059435,0.3889582,0.4070812,0.3742934,1.1591544,0.31957534,0.26127228,-1.8547541,-0.24504589,-0.6006769,-1.3521281,-0.9645936,-0.8764277,-1.0163614,-0.35306108,0.97290766,0.55974066,-0.17143197,0.05295305,-0.97941154,0.43820953,0.3352911,-0.1421513,-0.33648834,-0.17591348,0.5349528,0.61714107,-0.39207536,-0.27021983,-0.43928993,0.27824757,0.8628533,0.30247575,-0.738726,1.8502105,-0.88679826,-1.4274426,-1.3379737,0.31285235,0.42007047,1.3639771,0.16672602,-0.5288921,0.20035028,0.04513347,0.23916909,-0.53321373,0.25950563,-0.3830997,0.3230283,-0.028476976,0.32663324,-1.4058994,0.23509344,0.47403842,0.439625,-1.0049691,0.004729401,-0.4242718,-0.37932664,0.08910446,-0.51640284,-0.5232111,-0.72543544,0.021255627,0.00027919747,-0.6517256,-0.7087846,0.14971562,-0.49762174,-0.0066775,0.57407963,-0.42888257,0.84399956,0.011143375,0.057068728,-0.27657214,-0.8979682,0.12750854,0.8315375,0.50190306,-0.38628688,0.45985794,-0.0919561,0.14497638,-0.61621904,1.0640541,-0.60306036,cesar
25,-0.027296022,-0.5911859,0.27853468,-0.75424397,-0.116066456,0.13265674,-0.5624459,0.17408657,0.14422175,0.3003628,0.02300819,0.20076887,0.8278126,-0.428346,-0.37860888,-0.24189365,0.16039214,0.40490776,0.6902793,-0.3383274,-0.043976642,0.31152526,-0.15606403,0.6900761,0.24176304,-0.58486235,0.03538219,0.22154082,-0.25208545,-0.33650017,-0.53410554,0.45335189,0.28172612,-0.17818776,0.21077923,0.54383045,-0.25932547,-0.099645935,0.28606027,0.19856569,0.40708506,0.35947484,0.6195239,0.58017975,0.28089672,-0.46318775,-0.1431661,-0.24134806,-0.09981014,0.107259214,-1.0853881,0.17130755,-0.6523414,-0.036295462,-0.19931416,0.37354925,0.3316233,-0.481575,-0.41436243,-0.63224685,0.2843966,-0.3919856,-0.24059294,-0.23991114,0.020846386,0.7450094,0.15411751,-0.12905331,-0.6457685,-0.5000427,-0.31681746,0.25598475,0.3166783,-0.090767264,0.8638779,-0.9922442,-0.74666286,-0.4425826,-0.2123132,0.4775995,0.59399736,-0.10095074,-0.34734577,0.4669131,0.46629465,0.3714367,0.09670409,-0.009690076,-0.38175225,0.88323385,0.14313331,0.69885373,-0.5044263,-0.1137478,0.29260567,0.5586527,-0.6442663,-0.51561546,-1.010926,-0.37897483,-0.034955435,-0.34688935,-0.0714235,-0.99033993,-0.27149898,-0.2900573,-0.41327375,-0.2602874,0.39928547,-0.511987,0.6371162,-0.45733297,0.32383046,0.8749907,-0.033948064,-0.1818382,0.24860695,-0.18601862,0.6198266,0.5614962,-0.49295002,-0.32174274,0.1840725,-0.012414566,0.3676501,-0.1420512,0.68047243,-0.09382114,cesar
26,-0.55580974,-0.3641371,0.2139872,-0.8050303,-0.80597734,1.0522914,-0.4375481,-0.13656336,-0.38498634,-0.07932086,-0.50397414,0.84173185,0.7384663,-0.16590479,0.36411905,-0.60094213,0.12447706,0.45527434,0.7436864,0.04297419,-0.25548932,0.12856066,0.032283857,0.51903194,0.51299196,0.45299366,-0.09166758,0.34395683,0.32565415,-0.20962372,0.17603052,0.2985936,0.23476982,0.2026928,0.10434007,-0.0018649623,-0.77840483,0.012848355,-0.17169458,-0.23141146,0.076491326,0.69772315,0.2254477,0.6534343,0.4984561,-0.28799272,0.122996524,-0.98613524,0.0552022,-0.14050727,-0.65999967,-0.31483132,0.25815773,-0.77782696,0.1409119,0.23507519,0.3953443,-0.17435126,-0.19441216,-1.0120461,0.4827541,0.34226424,-0.22956055,-0.13046142,-0.70346415,0.26167318,0.13103257,-0.39067018,0.13537166,-0.3349032,0.10680958,0.052356735,0.28125045,-0.6028025,0.6917629,-0.41659498,-0.9007648,-0.47278714,0.29015863,0.66224784,0.7109133,-0.122811005,-0.9421722,0.31913072,0.5666467,0.7330341,0.65420616,0.69672173,-0.4464293,0.62931937,0.108539954,0.005992243,-1.0006546,0.039254114,0.74223256,0.5462625,-0.27736005,-0.3936996,-0.20433165,-0.30177265,0.28208303,-0.14179417,0.19655967,-0.2179344,-0.0565143,-0.39486402,-0.4610128,-0.25238732,0.3925009,-0.7228611,0.021612076,-0.1416865,-0.3220391,0.8974427,-0.13300233,0.16626084,-0.40274692,-0.15563893,0.88977355,0.317687,0.11754784,0.095621265,0.058119267,0.057158113,0.5867594,-0.669167,0.9414764,0.0037363209,cesar
27,0.16044286,-0.49248657,0.10426476,-1.0727448,-0.616148,1.1755357,-0.5022832,-0.035813957,-0.26533115,0.53405106,-0.7435285,0.7110548,0.89969605,-0.4947639,0.1604428,-0.8900506,-0.004430026,0.33647275,0.83079964,-0.076764405,0.24667928,0.5329728,0.3517446,0.6388157,0.49648106,-0.09742809,-0.050523218,0.23313244,0.32657075,-0.33064142,0.09653156,0.5625592,0.46033636,0.11259992,0.04330136,0.087894455,-0.7312845,-0.51350737,-0.10160209,-0.4548835,0.08773179,0.67197305,0.18966228,0.24240449,0.78940594,-0.079547144,0.060698163,-1.459599,-0.22213829,-0.6996505,-1.3737639,-0.4448971,-0.6791651,-0.8758063,-0.051980775,0.22724712,0.5432478,-0.13893414,-0.2839858,-1.2659407,0.9584823,-0.08599989,0.063155144,-0.2668631,-0.7236428,0.3275499,0.64652294,-0.373032,-0.15714064,-0.75892043,0.0408763,0.39171967,0.21001239,-0.3256859,1.6180174,-0.74128383,-1.0726284,-0.43074852,0.4015904,0.93667674,0.9305095,0.49342978,-0.9257566,-0.029829562,-0.09222027,0.67456335,0.06544258,0.2965231,-0.3920787,0.56923056,-0.12720314,0.15946119,-1.2627563,0.2266604,1.1010464,0.25292513,-0.99433213,-0.24107933,-0.10208486,-0.18994503,0.033408776,-0.53916097,-0.25788563,-0.37006313,-0.054002497,-0.353023,-0.5145571,-0.39509034,0.38014993,-0.7396248,-0.16269386,-0.20137455,-0.28270438,0.92948633,0.022177199,0.48274234,-0.43696952,-0.60458624,0.6141565,0.91605514,-0.2032621,0.2844794,-0.018542022,0.03918472,0.54205656,-0.3345527,0.8497514,-0.25662285,cesar
28,-0.32527402,-0.1689066,-0.025245737,-0.9169312,-0.935877,1.1203996,-0.43990558,-0.30401513,-0.30655175,0.010109164,-0.87530917,0.78910506,0.57790244,-0.2225219,0.2999295,-0.91572255,-0.02193813,0.6471792,0.570908,-0.2785451,-0.14072669,0.10145388,0.60066843,0.4341235,0.5911751,0.23372182,-0.085794844,0.311733,0.056391,0.13323566,-0.05706417,0.25598252,0.3144188,0.6543283,0.06688964,-0.15868492,-0.6356009,-0.3776424,-0.15169519,-0.6585828,-0.07004002,0.5659028,0.15086547,0.76011133,1.0347577,-0.15851736,0.43151194,-1.5009274,-0.07109934,-0.44071764,-1.0901085,-0.5441742,-0.07607154,-1.1730593,-0.06734568,0.5215949,0.6839948,-0.15098229,-0.029409807,-1.0394136,0.8043219,0.5467657,-0.13073067,-0.19519313,-0.6390789,0.46085787,0.1471054,-0.44389468,0.054726645,-0.59214985,0.40638292,0.19179994,0.30820706,-0.74727446,1.2718439,-0.4915829,-1.0273429,-0.7314522,0.5596832,0.48939592,1.0203937,0.28962198,-0.87820196,0.489419,0.4318513,0.8141317,0.3970089,0.61888665,-0.38111296,0.62615573,-0.07534542,-0.013646388,-1.3076892,0.13865651,0.74075556,0.6462193,-0.65990627,-0.48926666,-0.4510664,-0.11075285,0.22984423,-0.52125305,-0.024256945,-0.3079222,-0.115436,-0.40792042,-0.8009692,-0.36467168,0.23008218,-0.6066785,-0.23288637,-0.04675907,-0.5853431,1.1894524,-0.02226785,0.26942232,-0.6774359,-0.4308051,0.8227866,0.6672871,0.40078622,0.14434403,0.063235454,0.119424894,0.37080163,-0.82971066,1.2646643,-0.39680746,cesar
29,-0.13337813,-0.30379552,0.055449314,-1.0377101,-0.8028443,0.79447085,-0.43367273,-0.059226763,-0.5273857,0.21779698,-0.7624974,0.9628765,0.65484196,-0.23406169,0.22210026,-1.0359405,-0.14646678,0.74988616,0.7103368,-0.17865813,-0.08120774,0.15752827,0.5011026,0.41009706,0.6478396,-0.03553348,-0.16241793,0.4257558,0.29494655,-0.5174121,-0.2225928,0.58494645,0.07286127,0.20871007,0.046452038,0.34047434,-0.990375,0.041038755,0.0054211915,-0.41051582,0.1236099,0.8735979,0.27022406,0.28770253,0.7143626,-0.33811983,-0.32390797,-1.4506114,-0.28096896,-0.51500976,-1.3700522,-0.34918964,-0.048986666,-0.49630788,0.045215674,0.2497781,0.28540024,-0.25948733,-0.29674405,-1.275693,0.8310639,0.23174675,-0.25218767,-0.4508441,-0.6016743,0.51515776,0.49705997,-0.3280918,-0.23763946,-0.25520432,-0.07463433,0.7819879,0.36661226,-0.44595784,1.371976,-0.7596515,-1.2503904,-0.49985707,0.46545905,0.75197756,1.3550459,0.6152985,-1.1609328,-0.12423405,0.033349413,1.0736855,0.0916671,0.50130427,-0.36840218,0.89363074,0.27710742,0.2244055,-1.3324118,0.12395875,0.6420032,0.52256256,-0.8125057,-0.45047346,0.36640656,-0.16596676,-0.19398622,-0.4355394,-0.038829714,-0.54225135,0.3155826,-0.46390998,-0.36299476,-0.13440056,0.4866854,-0.66393256,0.0014058733,-0.09985569,-0.4809517,1.0780919,-0.023494733,0.4548284,-0.60713875,-0.3468688,0.9012211,0.7075888,-0.16222185,0.23534188,0.07397332,-0.2149734,0.48591703,-0.28357342,1.050952,-0.48705462,cesar
30,-0.45250502,-0.24282177,0.05099581,-0.8061074,-0.66125464,1.4147252,-0.31268978,-0.55253613,-0.43352738,0.425293,-0.8460606,0.7307457,0.56838435,-0.15812397,0.50564706,-0.60061944,0.23086035,0.99493206,0.68396884,-0.72244173,-0.19395903,0.30433616,0.8851149,0.6281416,0.32853696,0.36368966,-0.12063523,-0.077821895,0.2925954,0.13300787,0.26689655,-0.11778347,0.5195014,0.3653157,0.4836346,0.029459286,-0.7538248,0.30390832,-0.19594839,-0.9321947,-0.08141689,0.52175254,0.3942356,0.51788116,1.0568155,0.04874034,0.47436908,-1.6449275,0.25029606,-0.43305114,-1.0345498,-0.3944464,0.31381387,-1.250935,0.23089606,0.7693732,0.2629164,-0.008831285,0.17736298,-1.2186098,0.6555578,0.72446316,-0.2818241,0.107718825,-0.4885902,0.4088419,0.32145628,-0.29361194,0.17546186,0.024995357,0.59853333,0.5163064,0.25735617,-0.9032905,0.9896196,-0.6253118,-1.3900912,-0.9128387,0.23701385,0.34860742,0.89168537,0.18669713,-0.89318395,0.6936317,0.27592278,0.92241645,0.45310807,0.5862473,-0.57387555,-0.056264106,0.016970865,0.4535481,-1.1621678,0.36207324,0.9347803,0.4071147,-0.6093498,-0.29897812,-0.23273268,-0.11627427,0.13245331,-0.29431087,-0.24449146,-0.2381987,-0.0010076761,-0.23295976,-0.829312,-0.51532507,0.26576975,-0.6734213,-0.6170633,0.43883812,-0.6757841,1.4811482,-0.38460782,0.25450227,-0.6051879,-0.540035,0.45275715,0.82022744,0.24261525,0.09906342,0.50576276,-0.052258775,0.3744539,-0.78955334,1.7853808,-0.524738,cesar
31,-0.15082982,-0.4939836,-0.2096357,-0.51796156,-0.059214626,0.13641897,-0.590202,-0.033683546,0.06277747,0.26318753,-0.16888043,0.25776166,0.70598817,-0.57537633,-0.102004185,-0.147551,0.47484514,0.3708123,0.34425434,-0.12735388,0.24132878,0.102105,-0.29719958,0.3687996,0.45107028,-0.665582,0.05163881,0.19259956,-0.133595,-0.32803133,-0.1692262,0.4165123,0.25847512,0.030272752,0.366063,0.229244,0.006665863,-0.1938265,0.18367033,0.28577816,0.23867849,0.79063493,0.39762107,0.4687879,0.10007641,-0.5174251,-0.2336443,-0.08729734,0.21955223,0.17663278,-1.2312288,0.040700518,-0.38313863,0.16604799,0.03220602,0.16569243,0.48771915,-0.35523382,-0.49944192,-0.99691314,0.006336633,-0.25592634,-0.28114057,0.076570004,-0.18087715,0.8640194,0.2074739,-0.079293445,-0.21245337,-0.82339525,-0.15401112,0.11458278,-0.05862036,-0.35945833,0.8613013,-0.8931768,-0.5091872,-0.39564604,-0.21627411,0.3528555,0.29409736,-0.16745025,-0.28829458,0.32390285,0.586461,0.7221575,-0.084379,0.0917173,-0.66457915,1.138924,0.12921421,0.4123954,-0.55067724,0.089549355,0.28092712,0.6417896,-0.5046639,-0.6457016,-0.803288,-0.033036217,-0.030976262,0.20119521,-0.11630462,-0.79748416,-0.24724165,-0.20909055,-0.59100354,-0.26535615,0.115248784,-0.56007475,0.39880225,-0.24531882,0.13598375,0.583244,-0.21650663,0.016948663,-0.093312874,-0.2190049,0.55799943,0.35032582,-0.19592477,-0.401895,0.29050177,-0.54714715,0.2454651,-0.34256086,0.69758844,0.03177731,cesar
32,-0.13213807,-0.6384839,-0.124222286,-0.48535755,-0.22266173,0.19539581,-0.6742147,-0.11942476,-0.1049195,0.27312848,-0.24741003,0.2689499,0.7914625,-0.6250504,-0.20296046,-0.22672978,0.47425404,0.30727345,0.16678658,0.0052637476,0.32888475,0.21686535,-0.15643215,0.34158838,0.5591308,-0.73214054,-0.09724766,0.3021637,0.0154362805,-0.3776327,-0.0041000172,0.41724217,0.3008025,0.107320346,0.20962621,0.28564093,-0.17463943,-0.32141924,-0.03434752,0.19730261,0.20285214,0.7424352,0.400203,0.47001183,0.36947587,-0.47428718,-0.13771684,-0.07416428,0.14010508,0.057567414,-1.4357377,-0.15715276,-0.5498949,0.08543605,-0.1278298,0.15216851,0.45274407,-0.36123297,-0.5115062,-1.0329912,0.035421103,-0.20452489,-0.34365407,0.13578376,-0.30803943,0.8797551,0.3101735,-0.07885813,-0.15888642,-0.86024165,-0.16968343,0.096071675,-0.03350151,-0.31103718,1.0134306,-0.91281986,-0.51829886,-0.46716285,-0.06879616,0.52043045,0.46215042,-0.19386873,-0.42048714,0.32329243,0.71944004,0.6774138,-0.16025695,0.08196612,-0.6609702,1.1486908,0.2608278,0.37614158,-0.55504405,0.07658459,0.3590548,0.69860864,-0.55565894,-0.42460635,-0.76419926,-0.1340638,0.0130639225,0.0459736,-0.107286215,-0.75975645,-0.31628066,-0.15934674,-0.5032687,-0.36527416,0.06720255,-0.6306367,0.24074341,-0.10540715,0.14661232,0.54348445,-0.07277051,0.04941626,-0.13498592,-0.3133678,0.4480078,0.39396378,0.01704542,-0.40673718,0.25343096,-0.42912072,0.38425505,-0.51861566,0.7055283,0.18252471,cesar
33,-0.01018253,-0.45721525,-0.149377,-0.43951538,-0.04689339,-0.08749439,-0.5360275,-0.18737873,0.10977996,0.15925527,-0.16735095,0.087331794,0.53541005,-0.5519834,-0.21845704,-0.017706383,0.3516412,0.32074577,0.256104,-0.33934394,0.19475436,0.14993167,-0.22510174,0.39537925,0.56547457,-0.72426254,0.05384668,0.2809237,-0.06634319,-0.24726175,-0.27136377,0.36177406,0.25944334,0.19399497,0.265642,0.23069984,0.11777584,-0.1618585,0.05104851,0.3603391,0.23316751,0.7314829,0.5215447,0.4190914,0.14292856,-0.43306178,-0.25369012,0.045995288,0.34771907,0.20613585,-1.1316918,-0.057769563,-0.30109712,0.17107844,-0.08996719,0.32148886,0.34959254,-0.33090952,-0.45115593,-0.77494764,-0.21937838,-0.24070558,-0.3427017,0.121739626,-0.18443602,1.0249432,0.19253305,0.07067038,-0.104375534,-0.8152664,-0.0938509,0.055543035,-0.044255275,-0.46695244,0.6097252,-0.8937605,-0.42757684,-0.3293024,-0.2646903,0.17267911,0.24105084,-0.21798351,-0.1202697,0.38073954,0.5456706,0.57268596,-0.06398201,0.029600196,-0.5047077,1.1206422,0.30337253,0.4388017,-0.3104795,0.07467702,0.24523008,0.642623,-0.5405418,-0.6724843,-0.8434455,0.118856825,0.018304132,0.14457372,0.037951514,-0.8206397,-0.35203096,-0.17642601,-0.64553493,-0.27883053,-0.21344005,-0.57559973,0.4712944,-0.2222531,0.098670796,0.62129486,-0.05691576,-0.042333297,0.00064662285,-0.09421983,0.50757986,0.35218838,-0.09671931,-0.48578325,0.34150344,-0.4576031,0.2297358,-0.3278858,0.74383724,0.12082365,cesar
34,0.039897803,-0.29580504,-0.03365694,-1.0813285,-0.6943004,0.69401383,-0.5899764,-0.122950226,-0.15653229,0.3702204,-0.54914755,0.6363394,0.42446655,-0.32321334,0.27354664,-0.71082664,-0.21238315,0.6226354,0.47171324,-0.33423394,-0.12465138,0.2490031,0.17614362,0.55705005,0.71968615,-0.2247411,-0.15356268,0.48162684,-0.061044604,-0.3397026,-0.28347635,0.6878696,0.1821911,0.17314592,0.05724582,0.35776815,-0.523257,-0.18086609,0.32074764,-0.34844264,0.11293945,0.7011648,0.12377855,0.42142218,0.70870477,-0.28335702,-0.05757445,-1.2886761,-0.1605887,-0.22481084,-1.1857696,-0.28696147,-0.27098057,-0.7566873,0.045588575,0.45292136,0.38784358,-0.26925576,-0.25416607,-0.82345665,0.89769167,0.017659612,-0.3291536,-0.47146234,-0.1688798,0.63619626,0.3932218,-0.24580114,-0.13770545,-0.69631994,-0.14647985,0.48113802,0.20281842,-0.7164922,1.3788279,-0.7997056,-1.2007442,-0.6011673,0.18366948,0.8221235,0.95141244,0.28738466,-0.61870587,0.48370984,0.017930966,0.75489646,0.035220034,0.4833132,-0.10326874,0.7006231,0.1547012,0.08600976,-1.2474122,0.08406547,0.72476846,0.59239346,-0.9824342,-0.6622933,-0.29210103,-0.03370545,-0.028588187,-0.35490853,-0.4434042,-0.96229863,-0.06721352,-0.62431496,-0.5363345,-0.2877052,0.5588472,-0.44623005,0.06902515,-0.21963538,-0.3205493,0.8873786,0.11226814,0.33949128,-0.40327302,-0.22576901,0.6737441,0.865881,-0.08869539,0.036058202,0.26918364,-0.1347012,0.34957862,-0.4979431,0.9787247,-0.4390245,cesar
35,-0.08672814,-0.39099535,0.22165501,-0.9697395,-0.7626001,1.0549961,-0.5558341,-0.035169005,-0.13746557,0.28868186,-0.64799476,0.7641135,0.9648593,-0.21100973,0.15779203,-0.8915996,-0.026174523,0.589152,0.58204824,0.14835702,-0.027851634,0.36505103,0.05034113,0.62874985,0.61767304,-0.088046215,-0.29268473,0.3413528,0.09957546,-0.4913446,0.009522341,0.57190144,0.23536706,0.0939498,0.042409755,0.01503925,-0.8047009,-0.39638072,-0.11529569,-0.31211898,0.09935528,0.68855786,0.34316695,0.6260172,0.68476313,-0.3894748,0.12151486,-1.0899752,-0.15136218,-0.2894623,-1.102476,-0.43229192,-0.44099858,-0.82717985,-0.052938078,0.032057196,0.5792311,-0.36752406,-0.40834725,-0.9790516,0.900795,0.15084818,-0.20536704,-0.26413748,-0.53696847,0.39141613,0.3504541,-0.39159125,0.049706325,-0.7462708,-0.20027798,0.2407622,0.23146555,-0.52530575,1.2929301,-0.79543966,-0.95554566,-0.74424416,0.37146685,0.9378263,1.0329825,0.06706433,-0.8485785,0.33583048,0.28965163,0.7176113,0.31611246,0.3621803,-0.25739127,0.763655,-0.0038735047,0.067241326,-1.2705289,0.048646703,0.85899657,0.5971153,-0.7285562,-0.3540284,-0.3621469,-0.34297684,0.2327661,-0.33638236,-0.2571711,-0.59321004,-0.18954986,-0.45452136,-0.5940189,-0.4724966,0.5137247,-0.7053481,0.01721889,-0.16845813,-0.32378685,0.90620756,-0.07486551,0.2771224,-0.49154425,-0.42590982,0.72416514,0.703376,-0.14088885,0.13234869,-0.021652259,0.07083603,0.5768701,-0.609528,0.8530848,-0.16600618,cesar
36,-0.13888527,-0.45078194,0.098981865,-0.80505586,-0.775276,1.5322107,-0.9201633,0.10142781,-0.5177886,0.2590159,-0.47903416,0.8940335,1.0758319,0.16671139,0.076102346,-1.0223172,0.15874824,0.60474426,0.5181761,0.99513507,-0.1800398,0.42620873,0.393625,0.5972879,0.8107853,-0.22311458,-0.62132704,0.8028128,-0.07765475,-0.8607017,-0.16413969,0.35154638,-0.3975981,0.5647242,-0.3077675,0.31053597,-1.3131776,-0.122794576,-0.3290399,-0.3864709,0.18791512,0.35948193,0.007427901,0.76707804,0.25976235,-1.2539364,0.22709489,-1.0518202,0.011413328,-0.37988347,-1.2190977,-0.6776702,-0.25139883,-0.77818125,0.036556624,-0.30170846,0.5323493,-0.6143846,-0.8282503,-0.99783725,0.6161284,0.28987885,0.08987139,-0.27976784,-0.71791464,0.13366623,0.14456931,-0.32337424,0.17681998,-0.29760227,-0.46771663,0.55934834,0.3962401,0.0065095127,1.1414639,-0.4760327,-0.90977275,-0.9107491,0.85383564,1.4032058,1.1305528,-0.22672123,-0.93456215,0.70787984,0.8128747,1.2292389,0.6712136,0.44601107,-0.08157687,0.9926309,0.71680164,-0.26932475,-1.4590985,0.06547266,0.97537136,0.44598368,-0.40900996,-0.22755992,-0.051277958,-0.64713943,0.3613661,-0.089735925,-0.5026807,-0.29933137,0.2190955,-0.6887465,-0.224819,-0.9231466,0.56299645,-1.127425,0.1731839,0.13576129,-0.35980335,0.99906737,0.07962861,-0.11682112,-0.7467892,-0.15720835,1.1570636,0.6786533,-0.13744009,0.5771414,-0.3799399,0.0468532,0.45767194,-0.735864,0.92012197,0.08431773,cesar
37,-0.24968529,-0.44627205,0.14748928,-1.017346,-0.7174043,1.268683,-0.52683735,-0.04967208,-0.4831547,0.22160041,-0.30785644,0.6192145,1.0500008,-0.06540362,0.25822628,-0.6195774,-0.0035275891,0.67365754,0.5503585,0.4129358,-0.13418783,0.38066304,0.43211797,0.5053381,0.660216,-0.13011289,-0.3925026,0.4197721,-0.11328609,-0.61320555,0.035315014,0.20139009,0.14041692,0.33921808,-0.05934699,0.2456643,-1.0488714,-0.048217274,-0.07769677,-0.40478265,0.20209587,0.2700302,0.17691423,0.41864455,0.4149392,-0.96136785,0.21839884,-0.99962044,0.01878155,-0.4213851,-1.0915926,-0.4347125,-0.32228732,-0.6117682,-0.0058261845,-0.105892844,0.28415987,-0.25253296,-0.5145459,-1.0423266,0.7947971,0.06646563,-0.09740342,-0.16673663,-0.4227287,-0.043074235,0.16079542,-0.37764475,-0.00066218525,-0.2273671,-0.31102574,0.40160874,0.36472562,-0.34272403,1.0281456,-0.6601202,-0.8705033,-0.7108116,0.6131994,1.0036604,0.90846276,-0.03807564,-0.83491373,0.6332681,0.59494543,1.034263,0.6266613,0.27106613,-0.3450315,0.706302,0.41525352,-0.05441554,-1.142644,0.033114158,0.7977625,0.4053652,-0.6271368,-0.23910105,-0.16499113,-0.4746504,0.20190188,-0.08304375,-0.1930196,-0.19084106,0.08131116,-0.38394547,-0.4125414,-0.56757224,0.36366257,-0.87852484,-0.008200002,0.13385089,-0.2444776,0.9277109,0.014366084,-0.0142464675,-0.4196976,-0.30280694,0.76201636,0.6783483,-0.15459402,0.4502613,-0.057448827,0.23028177,0.40144998,-0.67415094,0.80212045,0.09263173,cesar
38,-0.302723,-0.4910031,-0.08171272,-0.70698357,-0.6222028,0.7881832,-0.50254595,-0.071636006,-0.12823619,0.21548988,-0.49230838,0.5367436,0.91574407,-0.21211518,0.15470347,-0.5496402,0.23394963,0.40954703,0.384937,-0.13714337,-0.17422637,0.1246348,0.17651778,0.47998703,0.5582296,-0.21621278,0.09308632,0.24287863,-0.13391875,-0.22231476,-0.323416,0.5238139,0.27129224,0.23333248,0.27233678,0.21495637,-0.38882428,-0.36692664,0.013382003,-0.17942436,0.24592516,0.75506955,0.19477275,0.7124402,0.6339514,-0.50901246,0.16734318,-0.8512465,0.21517749,-0.065867536,-1.1363187,-0.3895782,-0.33941218,-0.61090696,-0.14056551,0.18297581,0.66469157,-0.2621905,-0.51115793,-0.971723,0.3678898,0.14847635,-0.21461982,-0.06498815,-0.29002455,0.5068196,0.21110547,-0.20660244,0.2322835,-0.8398558,-0.047969885,0.37432036,0.051366024,-0.3835258,1.1841633,-0.8679607,-0.9048343,-0.77082837,0.2931528,0.5740192,0.7599946,0.0026007183,-0.5947076,0.40978658,0.5392457,0.76041096,0.3261408,0.44576478,-0.59962296,0.995517,0.10032696,0.32272318,-0.9321456,0.15414798,0.41911802,1.0377369,-0.6022843,-0.43404543,-0.74597645,-0.069228776,0.06715226,-0.1699934,-0.24810761,-0.78597254,-0.24523127,-0.485421,-0.77197367,-0.49632272,0.33349538,-0.7056083,0.03914182,-0.07468003,-0.13292213,0.81487906,-0.07918569,0.19279468,-0.30581644,-0.31274155,0.83264875,0.622223,-0.028751321,-0.27326715,0.23671342,-0.13036372,0.34429276,-0.58749396,0.9536602,-0.16017295,cesar
39,-0.13350758,-0.58835626,0.18502635,-0.8474785,-0.77010185,0.8763572,-0.4013221,-0.21591666,-0.48270878,0.37848568,-0.6989439,0.7292254,1.0202963,-0.22930706,0.0383858,-0.69647574,0.025012884,0.70327276,0.65491545,-0.041972406,0.007407047,0.29506427,0.69225234,0.3672446,0.43867156,-0.24352103,-0.14366052,0.248886,0.060079288,-0.3850351,-0.18410242,0.26417002,0.23860902,0.3010075,0.040852733,0.14725606,-0.74704766,-0.13357258,-0.20850492,-0.3991211,0.13355851,0.54789996,0.30964762,0.43796802,0.71206814,-0.45722187,-0.04068431,-1.1467187,-0.033495165,-0.56708384,-1.3951184,-0.38571224,-0.3605529,-0.5814709,-0.14511171,0.19609673,0.51083696,-0.03084024,-0.3546896,-1.3012007,0.6152842,0.27470374,-0.2193723,-0.048140276,-0.59133995,0.38897765,0.60536605,-0.36155748,-0.22243747,-0.3428119,-0.0851593,0.5594549,0.41797158,-0.55390567,1.3557731,-0.8333047,-1.1273683,-0.64655983,0.33643147,0.503787,1.0904284,0.24591926,-1.0002872,0.13970964,0.16219623,0.8463384,-0.0014889911,0.3476237,-0.46208316,0.6978383,0.29891053,0.15034908,-1.1131119,0.08581416,0.7311628,0.4792865,-0.6188826,-0.36978742,-0.06033157,-0.27245557,0.12625459,-0.24374759,-0.13798809,-0.44395006,0.1437515,-0.20749395,-0.4573361,-0.53934276,0.32445896,-0.76564103,-0.1355976,0.28597224,-0.32682598,1.0621381,-0.06519725,0.17403448,-0.60238945,-0.50807244,0.5967233,0.7291385,-0.16225632,0.070192516,0.08321345,-0.101670116,0.59350026,-0.54248387,1.1821806,-0.16392182,cesar
40,-0.24791476,-0.5503938,-0.13603422,-0.6832296,-0.69863945,1.1179636,-0.51258355,-0.18968634,-0.008412635,0.3654578,-0.682752,0.5021225,0.995714,-0.28790325,0.27580422,-0.6173929,0.27940893,0.32476616,0.7610214,-0.115460955,-0.09117284,0.041468874,0.38260773,0.748016,0.59891856,-0.020853758,0.14468904,0.0644096,0.10339236,-0.1826065,-0.07870141,0.32399043,0.26108712,0.2613905,0.1303938,0.28869382,-0.88250625,-0.20419347,0.15511088,-0.3712854,0.24313478,0.742556,0.29397935,0.56765175,0.72423947,-0.32207477,0.044519242,-1.0372285,-0.0810794,-0.1479515,-1.290367,-0.2500192,-0.45132408,-0.45478782,-0.20440397,0.2917137,0.68092376,-0.4781193,-0.48524016,-1.00271,0.55833876,0.15693074,-0.07515131,-0.11879383,-0.4111526,0.3121332,0.2129517,-0.46291938,-0.18204373,-0.55920184,0.10795275,0.37856647,0.35610414,-0.4229486,1.4188751,-0.8218859,-1.030923,-0.7668027,0.28948945,0.6569453,0.91890144,0.18802771,-0.67668736,0.24105176,0.57472175,0.70274746,0.38332394,0.40353435,-0.70104027,0.7835009,0.119578324,0.3690948,-1.000009,0.22474581,0.5333313,0.88502586,-0.8671717,-0.1391484,-0.95016545,-0.29595453,0.14944912,-0.30009776,-0.10348463,-0.53366596,0.024365872,-0.50955075,-0.7947175,-0.29930794,0.3935066,-0.85378736,0.034637697,-0.10855028,-0.24603653,0.9066929,-0.2043674,0.051073164,-0.4037548,-0.34395653,0.8148731,0.644418,0.20196477,-0.23881322,0.33057362,-0.018187754,0.4712535,-0.7286596,1.1088752,-0.10522078,cesar
41,-0.12888315,-0.5793422,-0.03460477,-0.42946258,-0.5867829,0.6506584,-0.7264489,-0.064132035,-0.047555007,0.4731846,-0.48342553,0.34172013,1.1397467,-0.39373797,-0.15495613,-0.65022254,0.32507366,0.3827616,0.42878786,0.06402635,0.16338393,0.298129,0.17800793,0.69579667,0.6873421,-0.5265265,-0.033725888,0.22792087,-0.031161837,-0.62372756,-0.09101282,0.34195045,0.29045224,0.12940401,0.21043737,0.4025822,-0.61562353,-0.45572263,-0.020859227,-0.10492934,0.30933982,0.65889686,0.3572563,0.45633924,0.6005304,-0.46770307,0.047376882,-0.623986,0.112108946,-0.43034726,-1.4576056,-0.30365497,-0.744025,-0.24620363,-0.30146793,0.27792048,0.6809297,-0.508221,-0.457579,-1.0663661,0.54314095,0.02742631,-0.17530158,-0.08120468,-0.23714378,0.43461782,0.43391734,-0.28575918,-0.30393785,-0.608276,-0.15818708,0.422546,0.27005643,-0.19773956,1.2974758,-1.1063124,-0.6079371,-0.57002395,0.260064,0.67269325,1.0025252,-0.17419824,-0.55815774,0.32426655,0.53687173,0.68715966,0.047350846,0.018278912,-0.6725584,0.89981043,0.314663,0.47390744,-0.9786005,0.10558513,0.41221908,0.71408707,-0.6400812,-0.2149002,-0.61532116,-0.26383945,-0.053373843,-0.024543151,-0.17089912,-0.7021291,0.019834436,-0.23629324,-0.60546607,-0.44160137,0.23965427,-0.8604447,0.08250061,-0.05482825,-0.024463303,0.7970785,-0.112427,0.1553493,-0.24546334,-0.37742236,0.66179234,0.77378184,-0.113669455,-0.37378538,0.124150924,-0.030521145,0.6115719,-0.58323354,0.97136015,-0.01831025,cesar
42,-0.24105754,-0.55832326,0.2390354,-0.861201,-0.65958416,1.0244435,-0.55937296,-0.019326203,-0.2829256,0.47261766,-0.613676,0.58406544,1.0985193,-0.43165568,-0.0397761,-0.8422723,0.15496555,0.6664024,0.6112296,0.09380094,0.37145674,0.30321568,0.22277644,0.7203497,0.39530823,-0.30128616,-0.39016238,-0.026284963,0.21570863,-0.5799148,0.29921943,0.28149664,0.47308278,0.05767574,0.20538446,0.035145324,-0.6418126,-0.47914284,-0.067145824,-0.38365754,0.24494462,0.73811775,0.66412735,0.5733893,0.573878,-0.37267563,0.20760058,-0.9636253,-0.21320152,-0.44669583,-1.3453176,-0.26277232,-0.6041419,-0.6296339,-0.10120073,0.17576487,0.58006066,-0.3181646,-0.3336091,-1.2093554,0.86731863,0.058833167,-0.21038708,0.0014662333,-0.5441229,0.37894815,0.40853617,-0.26631954,-0.25039107,-0.6101899,-0.14262341,0.23862094,0.30848333,-0.5614929,1.423221,-0.85910565,-0.9054824,-0.6731074,0.25633276,0.7049303,1.0718992,0.09056537,-0.8878176,0.18266201,0.36192602,0.81554615,0.028503377,0.32920223,-0.60250497,0.8076118,-0.018732972,0.400698,-1.2144806,0.1283197,0.7664869,0.47242823,-0.72707236,-0.4336886,-0.32200137,-0.39192104,0.092260584,-0.17392944,-0.20431644,-0.5079146,-0.16739735,-0.40434277,-0.5155184,-0.46309355,0.4384859,-0.77516174,-0.18727502,-0.027414031,-0.028481059,0.8866978,-0.30557752,0.11650422,-0.36983883,-0.5791114,0.6012332,0.73355037,-0.2559368,-0.13164051,0.165481,0.054765686,0.636095,-0.69776595,1.0853021,-0.054158468,cesar
43,-0.27783218,-0.53934133,-0.27611446,-0.57051027,-0.8958303,1.0619347,-0.6745788,-0.09613745,0.068064064,0.6521772,-0.826415,0.6878502,1.1395227,-0.45380697,0.04930455,-1.009423,0.30462122,0.15522258,0.5642547,0.20252621,0.09007591,0.13334547,0.4240514,1.0211059,0.76968604,-0.20341888,0.1843393,0.17615,0.02165581,-0.58633417,0.06645648,0.45646235,0.33857143,0.2120167,-0.004606692,0.47556448,-1.0549401,-0.5540815,-0.022008896,-0.37694454,0.14453946,0.7079487,0.2743169,0.6877332,0.9586334,-0.19903414,0.4694201,-1.3136854,-0.5510333,-0.4456105,-1.8391792,-0.41976678,-0.94703317,-0.55489177,-0.4081013,0.36089885,0.73096937,-0.35608295,-0.23352873,-1.0751793,1.0637571,0.08824156,-0.28745526,-0.55690145,-0.20731863,0.25740665,0.32133365,-0.25532427,-0.3713172,-0.7555995,-0.09661248,0.49521062,0.32826903,-0.07453749,1.6806456,-0.8528691,-0.6790887,-0.95930743,0.45921546,0.90558493,1.2062753,0.22856298,-0.64961046,0.26128316,0.4589707,0.6982212,0.40788135,0.19651927,-0.6618079,0.8622919,-0.14157394,-0.018776596,-1.3026497,0.043684173,0.58500797,0.7148287,-1.1591134,0.11630881,-0.65277886,-0.19758716,-0.03849434,-0.3952472,-0.2776194,-0.6086105,-0.078711934,-0.6177003,-0.60566294,-0.13492954,0.6817191,-0.99331456,0.07855181,-0.2506479,-0.08170122,0.9813383,-0.24145609,0.39574176,-0.46542004,-0.5004281,0.85463226,1.0492721,0.4058149,-0.056722105,-0.17516361,0.1151341,0.61896026,-0.7400644,1.2226441,-0.17345302,cesar
44,0.05823406,-0.82326555,0.04335069,0.6553499,-0.15426266,0.24923417,-0.5383049,0.27799648,0.9515474,0.51425433,-0.58489645,-0.23728073,0.89754295,-0.32736415,-0.095922425,-0.4881987,0.5847335,0.31479293,-0.46864665,0.27392858,-0.8954843,0.672939,0.16546857,1.1912733,-0.18398713,0.71245515,1.4737629,-0.08134054,-0.49103624,-0.22380197,0.9714291,0.007265806,0.5368946,0.18733644,-0.20285705,0.24500898,-0.777229,0.12746926,0.07980748,0.45785075,-0.8117203,-0.57289433,1.0189846,-0.028996814,0.9126541,0.80502105,0.12093702,-1.4608433,-0.25026962,-1.0310708,0.11865617,-0.5613424,-0.32254475,-0.79784644,0.14720425,1.2229584,-0.068281144,-1.3436134,-0.04167448,-0.64653707,0.1757552,1.2244967,-0.061909035,-0.45474958,-0.058665477,-0.6738942,-0.24061763,-0.042226057,-0.6493319,-0.4260359,0.27051935,0.4280372,-0.04655039,-0.6807425,1.023899,0.1739862,-1.2994505,-1.3347285,-0.33766115,-0.39105642,1.2798774,-0.21625976,-0.37597826,1.2320195,0.80150133,-0.7114712,-0.0101753995,0.4307449,-0.24504055,-0.8135496,-1.0577165,-0.31806424,-0.50595444,0.7122144,0.26559126,-0.52409506,-0.29538834,0.7827772,1.0151591,-0.18930633,1.1802436,-0.46168184,-0.16478902,-0.6410307,-0.097087115,0.35753447,-1.2408798,-0.08881527,-0.867366,-1.4330399,1.3507612,0.31071597,-0.7426435,0.12562434,-0.038007952,1.1117584,-0.78583336,0.19083154,-0.27010018,0.9216463,1.0581381,-0.40699658,-0.5454649,0.24497202,-0.31601954,-0.33392182,0.091516115,-0.24904315,cesar
45,-0.10964812,-0.17714052,2.1545506,0.5611218,-0.64377344,0.9597953,-0.5966622,0.3064815,1.3201166,0.13150834,1.4338759,-1.7438741,0.70979404,-0.46584702,-1.3231592,0.059971668,-0.04370398,0.06691636,-1.0415746,1.5062845,0.012990311,0.93215466,1.8236101,1.0277823,0.94236535,-1.7846872,-0.16354392,0.029519193,-1.1705238,-0.8379743,-0.79183793,-2.052668,-1.1635623,0.6104576,0.7785524,2.1780462,-0.34335956,0.0034154803,0.5776733,1.6598651,0.3751093,0.35897326,1.0161681,1.2558752,-0.29209548,0.6578148,-0.37906238,0.40069836,-0.29476213,1.499677,-0.32328486,0.37430343,1.0306464,0.481127,-1.8494636,0.5680959,-0.6251162,-1.3168981,-1.6670603,-0.26678684,1.496705,-0.13654354,0.035617825,-0.32516244,0.19570744,0.074893475,-0.63073874,-0.30416834,-0.5024702,-0.6436286,-1.6909671,0.94386744,0.53779733,-2.4140418,0.45441926,-0.37329748,-0.15182376,0.64385647,-0.8414257,1.5077777,-0.032216363,-0.93717647,1.8417104,2.1768537,1.4672935,-0.17129984,1.3674957,-0.37929362,0.40823245,0.22605619,0.6922145,0.717476,-0.18731596,2.2751584,0.41287962,0.88512594,-0.62524426,-1.8432454,-0.73585427,-0.20837502,1.9913855,1.6819596,0.04237233,0.039779283,-0.7840045,0.27229595,-1.4299325,0.94696355,-0.70247316,-2.524542,3.127164,-0.8138682,1.0492747,1.5610956,-0.21991,1.0693065,0.4763784,0.4789867,-0.72325903,-0.5774843,0.06662595,-1.825741,-0.7747224,-1.6659572,-1.1599506,-1.632591,-0.22950305,-0.2326517,cesar
46,1.687133,0.2302553,1.4124614,-0.20648256,1.2385521,0.5832137,-0.5584198,-0.77935857,0.43662724,2.0165887,1.3385835,-0.9736053,-0.02386728,-1.3516171,-0.0736884,0.6437039,1.1825839,-0.19232138,-0.5165663,0.54447687,0.30144787,0.83859444,1.6318382,1.6950614,0.8878718,-1.3745222,-0.40464157,0.37442476,-0.4401391,-0.79682076,1.1957031,-0.8491616,-0.46760038,0.31019422,0.62454176,0.19135807,1.5418546,-0.2792609,0.6065658,0.28770727,-0.92743564,-0.40357992,1.9805601,0.15564911,-0.39365542,0.47704068,-1.522142,-0.1571887,-0.3064028,2.2320664,-0.41652757,-1.8860512,-0.00082473457,0.6949882,-0.74318284,0.9708569,-0.22324076,-2.4001532,-0.5051717,-0.7599207,-0.59224796,-0.6272112,1.8028868,-0.07197781,-1.7128209,-0.04337555,-1.1473551,-0.8786844,0.047659837,-0.5925174,-1.6252096,0.3321192,-0.14612842,0.25151348,-0.624062,-0.26427755,-1.0026428,-1.5399543,-0.33522987,0.537077,0.5406892,0.15302232,-0.10597235,1.8818474,1.9069064,-1.7929108,1.1945313,-0.1693369,0.17363934,1.3889074,-1.493261,0.026991433,0.16161914,1.7223209,0.89703643,-1.3025539,-0.60113084,-0.24501842,-0.5489874,-1.3737053,1.2120602,-1.1467005,-0.28878734,-0.6585404,-0.36940658,0.23110054,-1.6469512,-0.08531888,-0.9920186,-1.8938439,3.0775902,-0.6131905,1.0465769,0.93678516,0.5221504,0.19626665,1.0462158,-0.8434705,-0.7426745,0.9040516,0.63423824,-2.2273407,-0.12379268,0.1929535,-1.8143135,-0.015690304,0.07840121,-0.32523885,cesar
47,0.591254,0.030106701,2.027548,-0.29255018,-0.61613446,0.10630741,-1.5209594,0.41256052,1.2185887,0.7144146,1.5476677,-1.1844941,0.03441602,-0.971274,-1.7702624,-0.03589613,1.2706735,-0.06344551,-0.41300538,0.8306247,0.91536903,-0.6598371,2.1478748,0.2394216,0.5243646,-2.8103566,-0.31959993,1.1498135,-1.8394321,-0.43570665,-1.4132277,-1.6263988,-1.483624,0.5490283,0.84093165,1.6312237,0.15245202,-0.71108085,1.298562,1.4048125,-0.92527443,0.10141566,0.6648878,1.2564965,-0.029381318,0.26098084,-1.4195116,1.312604,-0.65490854,1.7990853,-0.56107235,0.22186263,0.45215064,1.1663765,-1.1533736,0.75106776,0.48790136,-1.541732,-2.6474853,-0.41847774,0.32236075,-0.20508292,0.68978333,-0.06058186,0.13409427,0.62070775,-1.1615882,-0.644519,-1.3768814,-1.059578,-1.6948494,1.4200679,0.42666483,-1.5887063,0.9445836,-0.08300407,-0.61031663,0.06321424,-0.15450096,0.44852453,-0.055063546,-0.151567,1.8579903,0.7385561,1.772669,-0.6003781,0.16004397,-0.6295661,0.06412063,1.234609,0.20371395,1.2808467,-0.34915933,2.5177057,0.8182435,0.84141576,-0.8643456,-1.4824519,-1.860523,-0.8809415,2.7553995,1.2729832,-0.006590806,-0.96301657,-0.86107963,0.13662666,-1.5540043,0.6281483,-0.4995242,-2.7317035,2.8560748,-0.8517419,0.8040551,0.9733999,-0.18650465,1.0948968,1.1852155,0.68536794,-0.48767623,-0.25601098,-0.18916409,-1.9431744,-0.051407866,-2.0982547,-1.000241,-1.3243017,-0.1874109,-0.84646773,cesar
48,1.3435434,-0.49291494,2.8362424,0.0011867881,0.62135226,0.93384546,-0.19926682,-0.59441537,0.12564588,0.8084203,0.733715,-1.5687735,0.18654285,-0.5391731,-0.9648888,0.3851351,0.973065,0.57723737,0.9855659,0.8528788,-0.044128142,1.2541803,1.7764363,0.37221187,1.0234057,-0.52227306,-1.4178488,0.66666275,0.043105785,-0.67803943,0.47012153,-1.0369939,-1.3277193,0.5038162,0.7027541,0.32297376,1.9644603,0.5851758,-0.06027344,0.2934429,-0.105584145,0.9122163,2.12402,0.52910316,0.35531747,0.9077722,-1.4809867,1.1121955,0.15657933,2.790747,-0.09924124,-0.9054206,0.09079066,0.83798623,-2.5892203,0.8845627,0.33311993,-1.3271837,-1.1196597,-0.14287055,0.6740833,0.41118836,0.7124896,2.1265883,-2.301346,0.8575929,0.2336635,-1.2991655,0.89064115,0.019571003,-0.9844133,-0.4536556,0.38737977,-0.32632804,0.14135823,-0.33933276,-0.62073994,-0.31326488,-1.2343998,1.2183092,-0.39572892,-0.20051603,0.5974282,1.110365,1.3775663,-1.6914442,2.330346,-0.4075386,0.174374,0.88524956,-1.2743475,0.6732084,0.04213554,1.472694,1.1351657,-0.68645203,-0.427116,-1.4419159,-0.9841676,-1.0969778,1.4991971,0.58325183,0.10716625,-1.0294508,-0.31496292,1.3311223,-1.4167253,-0.26726753,-0.4036517,-2.456118,1.994704,-0.54339767,0.17052934,1.8798172,0.30245802,0.82805467,0.7512765,-0.6364707,-2.0023365,-0.5985917,0.33367366,-1.92308,0.092500985,-0.05036997,-0.6555994,-1.349304,0.23112597,-0.14492774,cesar
49,1.3797804,-0.24611473,1.2731563,-0.36393628,0.3815122,1.1223633,-1.2754452,0.13086605,0.4558074,1.4980886,0.9132975,-1.0107658,-0.3183319,-0.5198403,-0.622471,0.13505144,1.1219814,0.7051855,0.59136313,0.66661745,0.7862766,0.32831886,1.729338,1.350734,0.7592369,-1.2877676,-1.3856825,0.85877544,-0.6107714,-0.9457402,1.0212299,-0.6314106,-0.10002097,0.40813354,0.05867955,-0.3059029,1.4966022,0.8290961,1.247401,0.57431126,-0.76083237,0.40914986,2.4811594,-0.5295066,-0.21767138,1.6703802,-2.3081515,1.319098,-0.2081764,2.5863168,0.09309344,-0.9034262,0.8192605,0.68764,-0.69270533,1.7401686,0.23682715,-1.3985407,-0.7633141,-1.2981497,-0.3952351,0.6727757,0.8970224,2.1160126,-1.3430763,-0.71854836,-0.8219016,-1.8880965,-0.072093464,-1.4754039,-1.3553213,-0.10515022,0.24000913,-0.2790854,-0.79892474,-1.0552438,-1.146646,-1.2279443,-1.0097224,0.66025734,0.47969005,-0.78547704,0.6778616,1.1508394,1.1927708,-1.1825335,1.262419,1.1168833,-0.24812274,0.6152522,-0.88091904,0.6109776,-0.12270717,2.4396558,1.9633303,-1.6282617,0.2555131,-1.8145833,-1.3321033,-1.3315799,1.3873729,-0.06765737,0.11337,-0.53352827,-1.3414099,-0.08207887,-0.9570859,-0.96994996,-0.17743254,-2.068804,2.4369318,-1.1167885,-0.07373099,2.172479,-0.037213676,-0.059086125,1.4046575,0.41646108,-0.7484952,-0.12270877,-1.0262341,-1.0814309,0.76657826,-0.45680192,-1.7247411,-0.49909258,0.79940104,-0.15775397,cesar
50,0.2687555,-0.13795972,2.6451964,-0.6026995,0.52395886,0.7331862,-1.472577,-0.61892915,0.96211725,0.08795412,0.07399856,-1.201005,-0.1418894,-0.45076934,-1.3505623,-0.28197658,0.19189794,0.2745914,-1.1112558,0.22918728,1.4386698,0.24517106,2.6064248,1.4157959,0.8260283,-1.2710224,-1.0848422,0.6406058,-0.7373069,-0.07816721,1.045256,-1.5469612,-1.094293,1.1673046,-0.024304302,0.8019409,0.7607422,-1.1364741,1.290045,0.27955288,-0.8152984,-0.6021736,1.3226968,0.13360414,0.9904362,1.8719889,-0.9438423,0.30834186,-1.085324,1.4180877,-0.524914,-0.6152569,0.6823874,-0.2908767,-0.8143076,0.9995974,-0.2042537,-2.166243,0.24576032,-0.17806539,0.49590826,0.11553766,0.6304909,0.5207483,-1.4876174,-0.19362266,-1.0314811,-1.0481191,-0.81155664,-1.2326574,-1.4902347,0.90594935,0.43884405,-1.3209573,-0.49366486,0.013034642,-1.2350848,-0.31376985,0.020582587,-0.17901734,0.0007225275,-0.18507259,0.6604487,1.9752157,1.4350166,-1.1197855,1.0472846,0.07213731,-0.1355473,0.36302608,0.22218557,1.131145,-0.95494753,1.51985,1.5485935,0.16422959,-0.4212164,-1.3961608,-0.36744893,-1.1006896,2.0091581,0.14352149,-0.22123778,-1.1482513,-1.7179639,0.16056614,-1.9453114,0.21207997,-1.0309389,-2.5675845,1.7427328,-1.136619,1.1806034,0.4199057,1.1983323,1.6898593,1.400405,0.51377106,-1.671436,0.198388,0.32877094,-1.6789962,0.83494407,-1.0535029,-1.2699672,-2.0846531,0.8670706,-1.2363851,cesar
51,1.8943372,-0.49411175,2.194333,-0.86406213,0.63600206,1.0936098,-0.5756474,-0.0039836094,0.21583065,1.6781121,0.10676905,-1.8987443,0.0685578,-0.815717,-1.2328684,0.63294303,0.28676158,0.5500298,0.8997096,-0.77833295,1.1290351,0.9065916,2.4985015,1.1505274,0.33126533,-1.6290247,-1.5594674,0.7904058,-0.9520247,0.29148313,0.23502108,-0.646462,-0.44737783,1.2120714,0.6288788,-0.10077542,1.3769281,0.055054672,1.5989845,-0.068603665,-0.34349048,0.22727424,1.8485451,-0.81099015,0.16674416,1.9460406,-2.08887,1.3980259,-0.3711148,2.0770068,0.15526731,-1.1381056,0.49980634,0.88298684,-0.8889618,0.8133913,-0.60979384,-2.1200075,-1.1977674,-1.1899267,-0.79198015,-0.23985125,0.50690496,1.534862,-1.1943139,-0.43661606,-0.73970914,-1.3053519,-0.13013297,-0.69782734,-0.7399544,1.0651424,0.34603202,-0.49858928,-0.75436634,-0.58619356,-1.5218873,-0.049965817,-0.06382567,0.586798,-0.07657,-0.23243743,0.9068219,0.63132334,1.2539334,-1.7734418,1.5023327,-0.013410851,-0.4457208,0.92682874,-0.09896133,2.129514,-0.75341296,2.8352716,2.2280042,-1.145554,0.11167829,-1.1096909,-1.4675565,-1.3010973,1.9836783,-0.33284977,-0.5987179,-0.8195672,-2.2990322,1.0721347,-1.735038,-1.1017706,-1.407871,-2.014329,1.7631985,-1.0320919,-0.17909402,1.2406895,0.7381415,0.704978,1.9536659,-0.674131,-1.7061864,-0.33264697,-0.7891302,-1.2193978,1.0389974,-0.32745722,-1.5714817,-1.0399115,0.3934401,-0.6434597,cesar
52,0.5430223,0.019781612,2.298046,-0.7148393,0.32671794,0.9006319,-1.3453734,-0.51939094,0.8346845,0.22233641,0.009055495,-1.0688319,-0.42483318,-0.16177817,-1.1986147,-0.34720182,0.36053693,0.4365691,-0.93486845,0.4429245,1.2317206,0.03303664,3.034519,1.3169854,0.6836775,-0.8740541,-1.7088166,0.29359108,-0.6357562,0.43995067,1.2541828,-1.5609807,-1.3932014,1.5317385,0.092116185,0.79268265,0.5190452,-0.9068488,1.3889303,0.1294575,-0.9733059,-0.27552295,1.4374933,0.1693433,1.3025991,1.8970666,-0.6540432,0.2681889,-1.357194,1.6326873,-0.28729236,-0.7693971,0.5742315,-0.5858192,-1.0483688,0.49726844,-0.068144456,-1.7244232,0.3271076,-0.43963602,0.56464255,0.12818503,0.76998484,0.4057773,-1.4679714,-0.3977778,-1.1707762,-1.0439203,-0.39137053,-1.2014105,-1.0596017,0.63806,0.33609492,-1.1420182,-0.44283488,0.11075924,-1.302594,-0.65379363,0.13126048,-0.45225084,0.3234231,-0.19369155,0.46659955,1.7868711,1.0949988,-1.0018513,1.0830822,0.17216234,-0.38538378,0.5136237,0.117017515,1.1005406,-1.0808171,1.7099705,1.3090378,0.37603265,-0.29106656,-1.1802276,-0.8693708,-0.9872502,1.714135,-0.061571915,-0.37744758,-1.1925775,-2.0736752,0.038605824,-2.001713,0.15069748,-1.1037769,-2.3322356,1.4694921,-0.7205011,1.2015862,0.31708837,1.4703218,1.4567839,1.1471016,-0.16597074,-1.4641421,0.004193833,0.26297623,-1.621204,0.69395834,-1.1150389,-1.3704796,-2.4573452,0.7874739,-1.5514851,cesar
53,1.1434202,0.10732442,1.6306082,0.8501985,0.8228864,0.7664055,-0.79322857,0.052372288,1.0071497,-0.25979772,1.0221602,-0.9457872,0.26015043,1.4651545,-1.398008,-0.9461641,1.443281,-0.7640879,-1.4422688,0.804707,1.1888764,0.10290214,1.3552601,-0.19538656,0.2319941,-2.52595,-1.5214641,0.7365418,-2.120305,-1.3351319,0.7575903,-1.2670397,-1.1340781,-0.31416428,0.76492894,1.7019542,-0.2003827,0.43133682,0.06969631,3.0064507,-0.99457425,0.47556227,2.3286834,-1.1662977,-0.84597385,1.1130612,-0.038757846,1.9526045,-1.068051,2.7219975,-1.7599436,0.29307115,0.99072075,-0.30382213,-0.081177026,0.68938845,0.21411161,-0.10634737,-0.75154305,-0.8738287,-0.29234275,0.3256274,0.21930309,0.87951994,-0.86447185,-0.6425352,-0.9929786,0.79022145,-0.78432584,-0.36916947,-0.7689843,0.4974772,0.8865097,-1.1918159,-1.2204949,0.32605037,1.0145355,-0.9951502,-1.8262742,0.22098134,0.30352157,-1.443235,1.7418522,1.2219367,1.7144396,-0.053464007,1.203438,-0.36295527,1.2643176,0.25650457,0.3051391,0.56557715,0.7872185,1.1209453,1.0932374,1.0848602,-0.6394516,0.06430561,-1.1260533,-0.14674576,1.9154474,1.322176,-0.1852847,-2.1192248,-0.4760984,-1.6159285,0.52504826,0.5847635,1.055889,-2.5020432,1.9760957,-0.12862888,0.81718445,1.9454094,-0.6183008,-0.024534568,1.0214951,1.9784921,-0.022804819,-0.38961738,-0.89223516,-0.80342174,-0.11366385,-2.0520747,0.15298048,-0.8694444,-0.09038848,0.32340702,cesar
54,1.2266268,0.6298542,1.2877587,1.5275495,1.0627177,0.3160846,-0.5687029,-0.75230366,1.1580964,-0.5895069,0.45762295,-0.2844005,-0.3715589,1.2390531,-0.8313825,-1.1963027,1.2394707,0.07479027,-1.5924592,0.8850142,0.7691014,0.44632185,1.1554124,-0.028263062,1.3265139,-2.421248,-1.3049074,-0.032797687,-1.1790221,-1.290578,1.2279924,-1.7418787,-1.4220649,0.058153205,0.14163849,1.2374307,-0.67692244,0.5007107,-0.46146983,1.8991141,-0.71628153,0.58956873,1.7471557,-0.5287242,-0.53362614,1.2049906,-0.19258767,1.2053288,-0.6733731,3.12999,-1.6137469,-0.07483691,1.5732844,-0.5381692,0.16600269,0.94358325,-0.040320385,-1.1844548,-0.3782061,-0.03539005,0.025480904,0.17434022,0.51828367,0.27537954,-0.48637524,-0.4368586,-1.3378981,0.7507859,-0.87133044,0.058554728,-0.9291872,0.8756809,-0.042803403,-1.3895184,-1.3547257,-0.3317372,0.930974,-1.279674,-1.7475507,0.33374524,0.055243872,-1.1517684,1.7461008,1.9277688,2.3407593,0.102863975,1.1857609,-0.62511784,1.0543221,-0.121028855,0.32583162,0.6436603,0.78009754,1.0315648,0.73831284,-0.19666475,-0.25095728,0.3230414,-0.02411696,-0.19774874,1.67749,1.4156162,0.35330856,-1.4693547,0.10702721,-1.152234,-0.2644931,1.0994722,-0.23662354,-2.8183606,1.8379233,0.3119707,0.727419,1.5012391,-0.28717402,0.028684042,0.6893016,2.444861,0.12395915,0.1653443,0.4115888,-0.7433901,-0.10309163,-1.7449,-0.50871766,-1.1390226,-1.0446907,0.60710555,cesar
55,0.73075616,0.5583396,1.2329264,1.1799574,1.196089,0.25087467,-0.8226149,-0.55019605,0.92786926,-0.664202,0.38556722,-0.18308228,-0.19385187,1.385178,-0.8416624,-1.2614222,1.0070479,-0.32722944,-1.513902,0.62953293,0.7046195,0.5889327,1.1903275,0.17409953,0.50243413,-2.3268213,-1.3950037,0.3321779,-1.4882835,-1.7683451,1.0293796,-1.5251099,-1.1169233,-0.3155029,0.41893306,1.3097564,-0.42942,0.07708247,0.045163162,1.7466538,-1.0369201,0.5195046,1.4558576,-1.0710975,-0.42559552,1.040766,-0.24459091,1.3269123,-0.62226486,3.2881322,-1.6318141,-8.518621e-05,1.4267697,-0.9239845,0.24276106,1.1490574,0.015600631,-0.9418412,-0.72140175,-0.27259982,-0.2235885,0.0040576756,0.39073586,0.34800118,-1.0410373,-0.2427956,-0.9128145,0.88442963,-0.5285406,-0.013046809,-0.8510502,1.0907284,0.021399386,-1.0259295,-1.5097352,-0.29854843,0.6862894,-1.3637834,-1.7731835,0.14006977,-0.19873112,-1.1729677,1.5616441,1.9402283,2.3281627,0.04760783,1.3657749,-0.3138734,1.1608759,-0.15664099,0.3219726,0.67580855,0.8078932,1.3522985,0.9030805,0.04667126,-0.4765425,0.6413824,-0.2996935,-0.38683456,1.7157395,1.2367567,0.32967398,-1.9161911,0.14013556,-1.6511687,0.15492709,0.82501626,0.02993621,-2.528403,1.7827611,0.30792457,0.7598927,1.8031006,-0.40148956,0.43115157,1.1497835,2.4186335,-0.22968477,0.45400953,-0.3810413,-0.5240525,0.114085995,-1.6388646,-0.22341137,-1.1027988,-0.81723523,0.39256388,cesar
56,0.7577889,0.19320774,1.6084083,0.5073564,0.37852368,1.3275386,-0.8151447,0.3082688,0.8864822,0.74470216,1.2496173,-1.0853152,0.4461558,-0.049976002,-1.2557937,-0.003564231,1.7786933,-0.2255108,-0.059448972,1.6054689,0.41177967,0.60917664,1.2325287,0.9060998,0.5739962,-1.9013064,-1.0105789,1.3601604,-1.2132329,-0.96117496,0.81184924,-1.4053092,-0.72562706,-0.18997526,-0.83528084,0.42126417,1.2425103,0.31297183,1.1838758,1.226599,-0.67134213,0.0861304,1.8470374,-0.14840168,-0.6280156,2.3351488,-1.5118021,0.5440383,-0.7018564,2.2261882,-0.24781652,0.14797471,0.19010842,0.7395967,-1.2026033,1.2232844,-0.2483464,-1.297888,-1.1557405,-0.97960454,0.19918647,0.662605,1.6421793,1.4803736,-0.72904456,-0.4305976,-0.7873104,-0.9717145,-0.16170563,-1.3051609,-1.6289529,0.70405626,0.71128654,-0.9913781,-0.5929749,0.351251,-0.35818756,-0.6479812,-0.54302144,1.6020482,-0.074938,-0.35339442,1.3207016,1.4088378,0.8633126,-0.48598126,1.2326753,0.5119889,-0.45364666,0.64657676,0.49084264,0.14891171,0.4128873,2.3423517,1.4602696,-0.96702695,0.48811874,-0.96869445,-1.32096,-0.8800184,1.6713926,1.2213417,0.53680253,-0.20101446,-1.418043,-0.14390756,-1.2781222,-0.13718128,-0.4014993,-2.4049957,2.2928016,-0.81753165,0.83138335,1.6623877,-0.07601807,0.2071948,0.7332376,1.2654945,-0.50385016,-0.44688925,-1.1398655,-0.41178074,0.48099643,-1.0773451,-1.3995844,-1.1197376,0.24545671,0.066704035,cesar
57,0.6066556,-0.015697405,1.8864695,0.8137876,0.7935377,0.42865926,-0.78661746,0.86970377,0.5434035,1.045084,1.2483438,-0.9761744,0.55579334,0.0037702918,-0.83574724,0.30942714,1.7340711,-0.068731144,-0.60323894,1.7740161,-0.14558615,0.49382943,2.1559627,0.8946217,0.25411338,-2.5220575,-1.0960301,1.8579987,-1.4899824,-0.6010755,0.49153206,-1.6693708,-0.88781613,-0.15201572,-0.846628,0.30197713,1.0918702,0.15280247,1.2325821,1.2395204,-1.1816827,-0.09893613,1.9696456,-0.029796287,-0.19980383,2.195409,-1.5319118,0.5006937,-0.7856989,2.7201061,0.10535214,-0.00025869347,0.30443895,0.91796553,-1.3252764,0.24539703,-0.50942075,-0.9039396,-1.5695043,-0.80648476,-0.07152528,0.35508025,1.7107598,0.9731663,-0.5817126,-0.82651293,-1.1023786,-0.9302341,-0.1268686,-1.4380277,-2.2391849,0.82198584,0.71854293,-0.56490093,-1.035039,0.41521376,-0.64381695,-0.78652686,0.16597208,1.3028114,0.16852835,0.13956511,1.4305732,1.3223516,0.28746367,-0.63463277,1.4761873,0.36673367,-0.81112707,1.1184697,0.6817173,0.90105724,0.06629568,2.5271795,1.0881692,-1.0001096,0.30198872,-0.916081,-1.5499597,-0.8164203,1.4172649,0.924507,0.13778034,-0.33782944,-1.435265,-0.36256343,-1.5176913,-0.44174758,-0.7170647,-2.2125194,2.2040136,-0.58522046,1.2308829,1.2837794,0.43918592,0.07016808,0.96720827,0.7471501,-0.36024463,-0.6166032,-1.4932135,-0.9233843,-0.10492793,-0.9743256,-1.6697962,-1.0847774,-0.12759548,-0.30404696,cesar
58,1.2089187,0.64776385,2.1135826,0.4376031,0.33561334,0.7972796,-0.6666208,-0.43255326,0.52904963,1.1761535,1.5279492,-0.6864083,0.76314294,-0.3436843,-1.0517048,0.60270536,1.8278896,-0.5080155,0.38221526,1.4525663,0.92267275,0.53898394,1.8144034,0.5317289,0.79654735,-2.5410206,-1.1490452,1.3983927,-0.96058595,-0.34338272,0.45580631,-1.7988973,-0.9482544,0.77362245,-0.3569313,-0.124682546,1.1235235,0.66008765,1.1333506,1.0402641,-0.9913716,0.5710882,1.5799092,0.44445163,-0.9583967,2.210166,-1.6875343,0.57976437,0.04069137,2.7181041,-0.4525553,-0.57141644,0.675509,0.74297583,-1.4094241,0.5929415,0.08301921,-1.3936342,-1.0097957,-0.79825765,-0.25037283,0.96643585,0.9267352,0.8047866,-0.97633654,-0.7253471,-0.94371605,-1.3883214,-0.56073385,-0.62218285,-1.725379,0.57835853,0.40494645,-1.227099,-0.7885031,0.5827415,0.29574722,-0.25607038,-0.42581117,1.0652745,-0.045646675,-0.7445673,1.3301382,0.9498652,1.4738741,-0.44184324,1.3643335,0.21651475,-0.71066165,0.6820148,0.7592439,1.0228121,0.38000894,1.9613947,2.0235033,-1.078532,0.46193784,-1.1905696,-1.5459993,-1.4726951,1.939998,1.0072275,0.33173132,-0.5686688,-1.0365982,0.6970466,-1.0506502,-0.03063108,-0.8728636,-2.5638576,2.411177,-0.9435664,-0.035090074,1.6986587,0.012706434,0.2297886,0.83662915,0.7170487,-0.5643769,-0.25701672,-0.56804466,-1.0514117,0.15298198,-1.1635977,-0.5836073,-1.7565436,0.053412437,0.08694179,cesar
59,0.97591853,0.03369437,1.7623641,0.49533048,0.63552463,1.1698128,-1.0652196,0.27246228,0.8449751,0.8787405,0.9686498,-0.7654041,0.62116224,-0.23116192,-1.100686,0.36937988,1.6372846,-0.043229647,0.3228875,1.68192,0.36593804,0.85141635,1.4019015,0.3441552,0.3939452,-2.465852,-0.90731406,1.6061808,-1.3451447,-0.20790023,0.54492235,-1.6223607,-0.6994999,-0.19873643,-0.55836135,0.1713675,1.3815552,0.44637474,1.2129323,1.3324109,-0.91927505,0.20407575,1.9420081,-0.013038717,-0.6224842,1.9391042,-1.6067954,0.39270434,-0.7821142,2.5187852,-0.6941071,-0.18630339,0.5279028,1.0624107,-1.3364768,0.5651832,-0.04632886,-1.1659689,-1.4427081,-0.9458678,0.031885765,0.83905643,1.3283272,1.2163635,-0.9197286,-0.40847868,-0.58835703,-0.8945644,-0.53736144,-1.2639441,-1.5431662,0.7279357,0.41977215,-0.63451344,-0.6800697,0.8090012,-0.2488132,-0.57449275,-0.10775318,1.3763075,0.08489613,-0.37771645,1.3605189,1.5092256,1.2284645,-1.0188798,1.5847728,0.51682067,-0.7713822,0.76003665,0.21879444,0.49629727,0.07955958,2.0770974,1.0256389,-1.0819013,-0.10275298,-1.0349485,-1.4278884,-1.1695952,1.8301588,1.025657,0.22431265,-0.8042228,-1.1543208,0.1001427,-1.461816,-0.55766547,-0.39196044,-2.361291,2.6204226,-0.93638927,0.50704753,1.5825969,-0.06152221,0.15388007,0.5674803,1.1680676,-0.44301352,-0.13658369,-0.8848944,-0.65589345,0.1860049,-0.79473937,-0.757707,-1.2203761,0.11394777,0.09792256,cesar
60,0.1545277,0.37862334,0.52626514,0.6106702,0.3817286,0.17394386,0.1205488,-0.92505985,0.86735463,-0.036795378,0.21316653,-1.1656861,1.7451673,-0.12045242,0.8508744,0.65092087,-0.16968949,0.15046923,-1.2184923,1.5553476,0.8893796,1.3158307,0.19625968,-0.1414077,1.6501459,-0.4596026,-0.1360914,0.17888352,0.041659977,0.87292933,1.5888917,-1.0507771,0.27310735,0.8579196,0.29564226,0.7898688,-0.2987452,0.32012048,0.028661363,1.544119,0.19407281,1.6545053,1.001826,-0.32594252,-1.0055373,0.985978,-1.6428443,0.06613645,-0.15736158,1.8235539,-0.8127195,-0.6628258,0.8750883,1.6893635,-0.9508333,-0.36788002,-0.64717686,-2.3983846,0.2032887,-0.71834135,0.24679172,0.73576236,-0.24872975,-0.24495071,-0.5374177,-1.9899065,-1.1360528,-0.9220631,-0.37680486,-0.4581445,-1.1176933,0.83696985,0.35189724,-2.7634246,-0.8063606,-0.23437828,0.8516029,-0.8319128,-0.473648,0.75866026,0.3056083,-0.56600225,0.5254272,1.7053429,2.096807,-0.36073026,1.0850978,0.61992705,0.11892818,0.722255,0.19154245,0.8847706,-0.27215832,1.0706935,-0.17944604,0.03737571,0.14757422,-1.0045183,0.5681431,-0.77444714,2.3371475,1.0761173,0.06891544,-0.25092867,0.2231932,1.023029,-1.3512046,0.6689913,-0.48764136,-1.5131053,2.6544085,-1.5837332,-0.87265456,1.136177,1.0009953,0.049428806,0.09046467,0.07514483,0.32602614,-0.35572067,2.0977392,-0.5904522,-0.5133393,-1.4862014,-0.77111304,-1.4605232,-0.45924857,0.9542716,cesar
61,0.29521897,1.4325609,1.8503224,0.5683252,1.4338499,1.4642593,0.13603431,-0.42170385,1.6669054,0.29666305,0.30903995,-0.060967773,-1.3168174,-0.053221077,-1.1291398,0.024367154,1.3223195,0.12175214,-0.33000666,0.39259636,-0.050458346,0.6786702,0.012360632,0.23653004,-0.4906432,-1.584458,-2.5056064,0.006794624,-1.5744562,-0.69766325,2.0738583,-2.934416,-1.1113657,-0.41528893,0.40243292,0.23336577,0.9015012,0.020653553,1.4503329,1.2490498,-1.4085362,-0.06618753,1.1702539,0.22683218,-0.2162074,1.7937521,-2.428687,1.7741252,-0.7065211,2.7298033,-0.20962916,-0.3379958,0.65302277,0.2861874,-0.67779636,0.87397915,0.11825679,-2.0101216,-0.20154789,-1.1515424,-0.8821012,0.51354,0.9256076,1.1140711,-0.63899434,0.06538002,-1.7187502,-0.44395533,-0.61968666,-0.6167929,-1.1514621,-0.16262986,0.9045927,-1.8719169,-1.0990487,0.31879523,-0.27874678,-0.19703636,-0.9652409,1.2748494,-0.20482332,-1.2832311,-0.07899296,0.5085363,0.48914856,-1.5003487,0.7360905,0.87920094,-0.6020758,1.475235,0.4874913,0.32621813,-0.10755271,0.7036065,0.5156738,-1.3710929,0.7397227,-0.38346833,-0.7220081,-0.08895614,1.4964416,1.0983512,-0.34689525,-0.19038638,-0.75249034,-0.35308248,-0.71028167,-0.8015101,-0.57015574,-2.3053033,2.279392,-0.5312581,0.9440696,1.3036702,0.03154946,0.30467853,1.1026169,1.4981064,0.11514379,0.26493958,-1.1253045,-1.542683,0.6708094,-0.86582726,-0.9830582,-1.8020025,0.2568529,0.40865514,cesar
62,0.6309395,0.109886095,2.120679,0.84515196,0.4995455,0.8740546,-0.7411341,-0.56451565,0.82306916,0.72341585,0.42181888,-0.8708198,0.3972758,0.22190166,-0.70964813,0.13912438,1.4666367,-0.48967993,0.111999765,1.2664655,0.6903367,0.11685595,2.2158957,0.06314537,1.042185,-2.2936702,-0.46616808,0.49145555,-1.3660775,-0.3187683,0.67774045,-2.0258398,-0.9304561,-0.02831886,-0.28904417,0.45001093,1.07801,0.42594317,1.2133489,1.3062294,-0.55776227,0.884684,1.6528625,0.41634947,-0.3807736,1.8251624,-1.7889733,0.7425804,-0.67448765,2.7784908,-0.48457265,-0.20110372,0.77180815,0.6009483,-1.1723602,0.19648148,0.57532275,-0.6835199,-0.77424675,-1.0611583,0.5655583,-0.11098715,0.8999585,0.82615083,-1.2596225,-1.1136484,-0.9250164,-1.2164508,-1.417106,-0.8114376,-2.0339935,0.9479946,0.22973378,-1.3109306,-0.803144,0.29995543,0.22254482,0.27215335,-0.89997035,0.62845486,-0.69668996,0.023691276,1.5700518,1.4404072,0.73394483,-0.86549133,2.0090923,-0.44587892,-1.4103024,0.1516975,0.15883866,0.5844722,0.10699074,1.8350021,0.9909982,-1.0191455,-0.22857031,-1.1429392,-1.2425745,-1.0463657,1.4581921,1.3167921,0.19051453,-0.8013173,-0.69589734,-0.3294822,-1.7927305,0.4844969,-0.44628775,-2.466476,2.0828815,-1.1156238,1.2070409,1.6846317,-0.3384155,0.8124174,1.0897325,0.8237742,-1.1013492,-0.07635783,-0.26167172,-1.6407365,0.14015162,-1.2453897,-0.7256097,-1.8695343,-0.25021914,0.044883396,cesar
63,0.72542167,0.049493596,2.0811694,0.8379384,1.25253,0.9023868,-0.27995226,-0.20851709,0.5270792,0.70049417,0.85509294,-0.83147806,0.3755064,-0.16397256,-0.9698893,0.49506682,1.6693981,-0.5607971,-0.42875957,1.546107,0.6442102,0.3758879,2.0705862,1.205235,1.4270887,-1.6810477,-0.7811066,0.818931,-0.20012756,-1.0017982,1.2960521,-2.0231128,-0.70760477,-0.047408782,-0.37703374,0.4806993,0.9521047,0.38508216,0.5588143,1.8516748,-0.22232035,1.0912641,1.7950871,0.50034845,-0.34169558,2.2418604,-1.5355885,1.1318493,-0.6632595,2.5960202,-0.4241715,-0.27251077,0.86630064,1.1524158,-1.5567644,0.98730296,0.3857458,-1.6188021,-0.65211785,-0.31885606,0.8398807,0.20131736,0.9064562,1.0115786,-1.5232381,-0.5900961,-0.73227865,-0.6803532,-0.041370858,-1.0982379,-2.7057996,1.3843155,0.16192776,-0.9041492,-0.80508024,0.045765974,0.4863175,0.16223864,-0.7054646,1.1398096,-1.4513668,-0.046116866,1.3409868,0.7345388,1.028208,-0.55745596,2.3772428,-0.32722253,0.0278553,1.2620481,-0.027251996,0.9963973,0.6139836,1.9632598,1.7393196,-1.2466593,0.61614746,-1.6447365,-0.9179134,-0.7067627,1.9136848,1.3583285,0.18400252,-0.12709315,-0.3525266,-0.06829549,-1.7734109,0.48303482,-0.41903526,-2.6870363,2.243254,-0.7162006,1.2762203,1.2803245,-0.24449247,0.94702625,0.6791955,1.289065,-0.5137232,-1.1449109,-0.13426615,-0.9238733,-0.115565136,-1.317729,-0.86664844,-1.7670451,-0.34123406,-0.25546968,cesar
64,0.58114576,-0.48351568,1.7104913,0.35700178,-0.49595883,0.834001,-1.2396238,-0.08875069,1.6023854,1.1597134,-0.09921205,-1.3970731,-1.0430603,0.3329569,-1.9201989,-0.4279796,0.28117752,0.7879758,0.28828382,0.96944064,0.685338,0.11982668,1.7193105,0.2546337,0.67485374,-2.39206,-0.21780524,-0.228313,-1.8362373,0.13369213,0.85686326,-1.5149521,0.13349354,0.002484873,-0.8598762,0.2821069,0.5667017,1.1276984,1.7398553,1.1457986,-0.6063709,-0.57640916,1.7025846,-0.5166781,0.56828856,1.2369378,-1.8163195,0.8415232,-1.0578746,1.5079592,-0.67235535,-0.047343206,0.8344368,0.02619344,-1.2839775,0.7583831,0.5209458,-0.61234975,-1.3956383,-1.2294613,0.50636023,0.49371505,-0.051062338,0.46984768,-0.4911931,-0.72522557,-0.27440915,-0.58586746,-1.4698169,-1.0897968,-1.0898765,0.0015743971,0.13649139,-1.2666873,-0.4492266,-0.4462519,-0.46791464,-1.0702509,-0.71368057,0.40487242,1.0666139,-0.82664824,2.2434084,1.9221711,0.7222277,0.045515142,1.0768166,0.96964884,-1.0182165,0.297044,-0.4531885,0.14669476,0.38500652,2.7009983,0.37211487,-1.4228282,-0.9579562,-0.65060765,-0.9224553,-0.32527846,1.2424449,0.91117406,0.4722768,-1.4191926,-1.490477,-0.7749249,-1.8559161,0.4242363,-1.0386002,-1.937262,2.104125,-0.98203534,0.10015665,1.4237591,-0.6937082,0.29733306,0.83958316,1.115217,-1.269604,0.43091357,-0.48656154,-0.7104366,-0.54795784,-0.5204398,-0.8363452,-1.0717679,-0.15602922,0.57022804,cesar
65,0.90844345,-0.7980647,2.0643003,0.798763,0.07182139,0.86057335,-1.1292468,-0.13985512,1.5792638,1.0577695,0.39585543,-1.3356432,-0.33991742,-0.072578326,-1.2929776,-0.2828398,0.71699,0.59503496,0.2596776,1.3221724,0.96134293,-0.21315718,1.5582672,0.5207604,0.7182862,-2.50962,-0.19458142,0.33796325,-1.2794632,-0.124689646,0.7454004,-1.4233321,-0.48111358,0.14579943,-0.91952235,-0.14203015,0.45605165,0.7232582,1.28039,1.0260167,-0.2183747,-0.44259068,2.3098216,-0.28466952,-0.20952508,1.6830685,-1.3015531,0.30341756,-1.1829127,1.7152804,-0.62927055,-0.27632508,0.56939155,0.47000125,-0.96190846,0.5197463,0.10009359,-0.663651,-1.3137962,-0.81535393,0.65243614,0.34812307,0.89537656,0.66633356,-1.1132572,-0.47567576,-0.6472878,-1.0445647,-1.1394502,-1.1110415,-1.249944,-0.3991127,0.5085608,-0.8095048,-0.6379734,0.13528877,-0.09212431,-0.6199025,-0.55472606,0.84098387,0.6378332,-0.96215785,2.115466,1.6470096,0.8949141,-0.6759363,1.5769346,0.32983607,-0.6371976,0.15111566,-0.45471188,0.1388453,0.2094703,2.5648994,0.8285819,-1.5977867,-0.89324117,-0.8200124,-1.2899013,-0.73801666,1.2118036,1.0789535,0.7271676,-0.68603176,-0.7121418,-0.34996974,-1.5173849,0.15845671,-1.288661,-2.0205193,2.6972604,-0.88083446,0.20561673,1.0515766,-0.84074676,0.11266397,0.5377377,1.2471807,-1.3176935,-0.259624,-0.7498534,-0.6542716,-0.15574735,-0.22306263,-1.0960436,-0.79377687,-0.41317126,0.63778657,cesar
66,0.91836905,0.5875697,1.6845317,1.1955827,-1.4456905,2.3862274,0.82803077,-0.69094646,1.450239,-1.1056253,-0.7026996,-0.642918,0.010905549,-0.91489196,-0.37386015,1.0571502,-1.0172591,-0.0032873228,0.2769881,-0.42026848,-0.41417757,0.78143626,-1.2205107,-0.9963139,-0.16539307,0.0903708,0.9331049,-0.2802522,-0.98954,-0.8577448,-0.9403529,-0.2310058,-0.4763945,-0.37140915,1.6922476,0.119856104,-1.4491403,-0.4698497,0.40019664,1.9486609,1.5970472,-0.98025316,0.09643774,-0.46916023,0.9709076,-0.40038443,-0.056897108,1.0415034,-0.24759114,-0.42772606,0.3745656,-0.38939318,1.46968,1.1545346,1.378938,-0.42160755,0.7175754,-0.66764444,-0.48912996,-0.16872364,0.7689666,-0.60381484,-0.20758577,-0.30116865,0.19066253,-0.7624608,0.7831893,-1.1370543,-2.4995236,-0.5989404,-0.12357961,-1.3678414,1.0812745,-1.0148618,1.1292543,0.040827103,-0.61798894,3.4407818,1.0099397,0.6891219,1.1547161,-1.3222615,0.40573984,-2.0321515,0.48003495,-1.4248431,0.33146107,-0.1193507,1.3559986,-1.2637944,-0.72758275,0.40596315,0.11549096,-1.2459075,0.706532,0.24446492,-1.4211167,-0.76734835,0.15430811,0.8855026,0.9462748,1.1705463,-1.5998057,0.7540567,0.6880881,-0.0076467413,-0.2597726,1.3472388,-0.4045632,-0.66613466,0.3180987,0.43354654,-0.11833103,-0.7026345,-3.0254712,0.40849796,-0.5401541,0.9572552,-0.3939905,-0.9583759,-0.6088502,-1.790999,1.343562,-0.04321464,1.9356906,1.2909111,-0.044973098,0.6804071,rodolfo
67,0.43921587,0.08833851,2.4487836,1.4560494,-1.025884,2.1542952,1.8460382,-0.9472607,0.7401494,-1.567421,-0.15637784,-1.0829808,-1.188858,0.19664344,-1.5635747,1.0057324,-0.42675552,0.041938074,-1.2451028,-0.62514096,0.10583578,-0.5090888,0.43183032,-2.3764722,0.77813894,-2.009472,0.28210714,-0.109187454,-1.9512725,-0.9243539,-0.4183444,-0.23275514,0.1362583,-0.31838155,0.68768173,-0.47962007,-1.3010337,0.13416351,0.5960644,1.8264933,0.90508914,0.002084704,0.15726161,-0.18327801,0.97162753,-0.9145488,-0.58287156,1.8956721,-0.61818564,1.1681652,0.23087285,-0.47739983,2.2304757,0.32367885,2.0219283,0.030725734,0.68599564,0.26886085,-0.37004057,0.27651834,0.90859103,-1.0443256,-0.10614814,0.3481727,0.12993965,-1.0977515,-0.41147047,0.30479917,-1.8957855,-1.1035827,-2.81172,-0.060234964,-0.013867211,-1.6225868,-0.465099,0.5783426,-0.88170934,2.3672307,1.1057847,0.28657842,0.73493546,-0.22905892,0.7667883,-1.2268308,0.36316058,-1.2781509,1.8293142,-0.69808745,0.112307355,-0.10983291,-0.6433037,0.96108776,0.18106318,-0.38839224,0.4360788,-0.091897905,-1.9476515,-1.577561,-0.026128396,1.1234998,0.7660009,0.92543536,-2.132351,0.097251035,0.63631016,-1.6107041,-1.1349263,0.89899194,-1.06999,-1.5265737,0.47946855,0.47122025,1.0319573,0.03539031,-3.352185,0.79435885,0.3751067,1.3506279,-0.9939383,-0.1667161,-0.43377757,-1.6129653,1.0353231,0.14700645,0.90773076,0.47002873,-0.866569,0.40177938,rodolfo
68,1.0764196,0.32253563,-0.5286292,0.5973299,-0.2707658,0.3971993,0.20357125,-2.0640068,-1.7566224,1.4361465,-1.787333,0.17860499,1.5209093,1.8617395,2.9128761,0.087630786,-0.8677012,-0.30786943,0.817551,-1.1463789,-1.9890041,-0.60575527,1.7883095,0.80288273,0.6657121,-0.48171937,-0.458224,-0.014063045,1.7005224,-0.45198518,-0.2195558,-3.5300193,-0.42644495,0.8742855,2.1212592,0.84552795,0.16558625,-0.88513535,-0.01676251,-0.6555668,-0.05674878,0.16376731,0.89351344,0.361486,-0.090154134,-1.582789,-1.449837,1.0354239,0.73518425,-0.79214597,-0.021985441,-0.80143845,-0.39098865,1.1742265,-0.8055825,0.58818203,0.35877243,0.6269562,0.19149737,-0.08916991,-1.1529865,1.1304469,-0.35670668,0.0026825983,-1.8121473,1.026747,-1.1250336,-0.5137016,0.15579042,1.145846,1.4941077,0.535702,1.2938448,-0.2097028,0.15471889,0.6040196,0.8312944,-0.26437572,0.8577479,-0.6388572,-0.3174757,1.3132882,-0.41193888,-0.4867582,1.8057325,-2.3817804,0.1066558,0.49874592,1.5668155,-0.6468955,-0.21973693,1.3923653,0.29662493,0.71501577,-1.2049539,1.0919105,-0.9446795,-0.06478755,-0.10231922,0.120599724,0.51372415,0.8821224,0.22907953,0.2433194,1.5777614,0.21461949,1.2430497,-1.1081823,0.41717243,-1.2471288,0.3814858,1.986221,-1.3039832,-1.1197048,0.4143224,0.24421427,1.796632,1.0788193,0.13757195,0.8916189,1.4404035,-0.7127646,2.3246112,-0.64290434,0.8307662,0.6120665,2.151566,-0.41019997,rodolfo
69,-0.3121806,0.12241043,1.9801075,0.020398617,-1.1904604,2.5197628,-0.16798994,-0.9822032,1.9520766,-0.32281452,-0.03642778,-1.124095,-1.4731469,-0.70242476,-1.5447633,1.7001373,-1.3267976,0.75722873,-0.76166457,-0.52623,0.14337377,0.855788,-0.27641407,-0.04225132,1.3262718,-0.08742539,1.3386389,0.020228334,-0.67423254,-0.0012122486,-0.6628623,0.19819146,0.3868587,-0.77578515,1.015924,-0.12744683,-1.1168196,0.21742558,1.2825165,1.622575,1.8075699,-2.2469988,0.20489207,0.1945341,1.6633021,-0.6934462,0.13171017,-0.37083086,-0.20094708,0.087238066,-0.0022934899,-0.56851304,1.9613415,-0.06292116,0.27183816,0.30260018,0.31040448,-1.4760516,-0.43315676,0.6309993,1.9680642,-0.78172815,-0.26638278,-0.64562124,0.22568017,-0.15981658,0.8390133,0.1032694,-0.5713835,-1.5443052,-1.9463868,-0.41011897,0.32755056,-1.1072866,0.6510866,-0.6666976,-0.039388403,1.970048,1.2671092,0.9590423,0.43055326,-1.3210163,1.4063818,0.80278337,0.8346062,-0.2401742,1.5094998,-0.010329537,0.79250205,-0.19510236,-0.4169164,-0.052634425,0.6291284,-0.3152672,0.6463057,0.07764309,-1.6600168,-0.91926444,-0.7070599,0.24586223,0.42860973,1.031745,-0.7539676,-0.0027674828,-0.3913038,-0.78081894,-1.8923639,1.535281,-1.2081591,-0.33147413,1.3459865,0.11090147,0.701411,-0.14541103,-2.1425645,0.5796368,0.25304997,1.8036668,-0.9458908,-0.43600294,0.2947138,-0.86932623,1.259033,0.8705374,0.62235814,0.018350773,-0.21865414,0.73511916,rodolfo
70,-0.61639416,0.49221888,1.0951495,0.42702505,-0.5991933,3.479629,0.34556293,-0.62819576,2.27216,-0.4766713,-0.21287337,-1.4654149,-2.0301385,-0.6652601,-1.4968468,1.3117809,-0.99158084,0.54972476,-0.8125457,-0.86895996,-0.51669216,0.9539752,0.09201739,0.0010410398,0.8413696,-0.18743291,1.3264972,-0.5748415,-0.74791175,-0.47605535,-0.5578525,-0.3745386,0.53661233,-1.0345271,1.3984969,0.014511161,-1.0633237,0.19523144,0.8215046,1.3371239,1.962747,-2.3973553,-0.089821115,0.48559755,2.0960097,-1.0414859,0.09006481,-0.16519856,-0.008142941,0.099697635,-0.0872999,-0.7845501,2.1178825,0.06471125,-0.16458341,0.50466937,0.84905344,-1.7740679,-0.8833498,-0.20726115,1.2363693,-0.2982831,-0.43207327,-0.09288287,0.067246675,0.28162062,1.0149723,0.54702586,-0.14988938,-1.8758276,-2.0361483,-0.17338696,-0.109259516,-1.2105886,0.5875842,-0.2776505,-0.3401485,1.8793862,0.9850895,1.1381394,0.013769001,-0.4388586,1.1961539,-0.25396332,1.0700376,-0.3832548,1.6658578,0.76444155,0.7863132,0.32721838,-0.5029327,-0.22653487,0.71366155,0.16097307,0.2793097,-0.12951766,-1.6736774,-0.77222687,-0.7733874,1.1543572,0.2953964,0.782359,-0.9597746,0.61524117,-0.27985567,-0.77704275,-1.7475955,1.5200249,-0.7626275,-0.39247358,0.6921986,0.5984372,0.47686237,0.19418809,-3.1484735,0.64058316,0.16048768,1.3477521,-0.5598862,-0.6260725,0.25553656,-0.4662119,1.3198916,0.7090589,0.9323387,-0.2705777,0.10887717,0.6875331,rodolfo
71,-1.0299811,0.3429206,1.5668958,0.6654522,-0.3885323,3.1201768,0.42376536,-0.92860144,2.2969685,-0.7672929,-0.022919737,-1.1389177,-0.773174,-0.73659647,-0.9765949,0.94213784,-1.0059638,0.75837475,-1.2187896,-1.0236285,-1.0183712,0.72478664,-0.26847824,-0.2727436,0.5607696,-0.64527315,1.2585167,0.014080256,-1.2040482,-0.9679575,-0.7429919,-0.508582,0.45153484,-1.449404,1.6469885,-0.2819479,-0.8148558,0.31721616,1.3978765,1.1756697,2.5324442,-2.1600237,-0.20436043,0.26389202,1.6356795,-1.2900513,0.24719873,-0.65026736,0.47804487,0.08248572,-0.05823809,-0.7705173,2.113153,-0.23134461,0.12991099,0.41043836,0.89516217,-1.7308097,-0.9966186,-0.4340188,1.615484,-0.72709143,-0.42982352,-0.26439744,-0.14383715,0.43542778,1.0639274,0.071394,-0.041042812,-1.7158312,-2.345984,0.08368704,-0.17164268,-1.5725139,0.33035704,-0.40472543,-0.3383881,2.085476,0.970318,1.3036687,0.063033745,-0.7974844,1.4158037,0.2171634,0.94044894,-0.19735084,2.2317233,0.5419202,0.32039207,0.35135478,-0.42536673,-0.36814955,0.25167966,0.020693855,0.2814654,0.02072007,-1.5259839,-0.97418445,-0.7237006,0.83450514,-0.008296695,1.5729624,-0.9550868,0.41137198,0.1798459,0.03982146,-1.6853845,0.967607,-0.7454951,-0.08844366,0.7687899,1.0968277,0.09873091,0.007036317,-3.3398798,1.0476353,-0.19065994,1.1296387,-0.98929405,-0.848567,-0.5225611,-0.6379578,1.8935511,0.66971755,0.83542275,-0.16191833,-0.081624456,0.6348687,rodolfo
72,-0.56686914,0.29696435,1.6195356,-0.3309205,-0.70853484,3.248606,-0.14125034,-0.41996732,1.5293745,-2.2566586,0.027464323,-0.91519994,-1.3430907,-0.4485628,-1.5826478,0.95268893,-1.3562568,0.770313,-0.0030514598,-1.076006,0.0050161183,1.1306869,-0.08557015,-1.1627345,0.8006811,-1.027876,-0.13428636,-0.32896888,-0.7678445,-0.57859313,-0.61189806,-0.5845332,0.9767291,-1.1849691,0.96990305,-0.019585006,-0.7084126,-0.18688259,1.1868834,0.57766104,2.0185955,-1.5887932,-0.68933046,-0.2167631,1.6793154,-0.92274547,0.38121998,0.006245801,-0.33867472,0.83351076,-0.30713582,-0.03747191,1.6797844,-0.45431265,0.53053796,1.1251045,0.57414466,-1.719106,-0.40721887,0.97285223,2.3840752,-1.3226513,0.7219625,-0.36574593,-0.09929577,-0.32443774,0.68346745,0.52323097,-1.0289022,-1.852859,-2.286042,0.046595603,-1.3063915,-1.5837425,0.8046849,-0.19744772,-0.88472307,2.1017537,1.1408083,0.9344369,0.12055794,-0.44229683,0.9185406,0.44772997,1.4259157,-0.51944935,1.6147037,0.6308148,0.44713953,-0.5046243,-0.3675435,0.24957418,0.77447695,-0.4060285,0.09136132,-0.059615556,-1.9689788,-1.4735321,-0.3021152,0.72225326,0.50401706,0.7388569,-0.30704528,0.26978812,-0.014205471,-1.0018181,-1.8611853,1.5228555,-1.0772642,-0.6609213,0.48179412,-0.105163485,0.7349893,0.08792288,-2.4746933,0.014362931,0.8225604,2.0117345,-0.9415308,-0.019158678,-0.5040481,0.08036819,1.8812915,1.310931,1.1351888,-0.20038612,-1.4504011,0.7281926,rodolfo
73,0.86725426,0.06666964,2.6635225,-0.825678,-0.7653986,-0.18080743,2.342227,-2.8650913,0.6112365,-0.7482077,0.6958078,-0.33408108,2.1708527,-1.9656335,-0.38222116,1.5570605,-2.4442468,0.06308661,-0.5414231,-0.7573719,-0.3034987,1.8151598,-0.78310055,-0.6703947,0.5219234,-0.7018632,0.61911047,0.59506017,-0.30985355,0.07916488,-0.4359323,-0.79054695,1.3714104,0.1883285,0.8366103,-0.20571546,-0.5171756,-0.93980366,0.41533783,-0.026830405,2.0582786,-0.18731582,0.30633032,-0.8185748,1.1414326,-1.5050589,0.08199069,-0.8362969,0.5274875,-0.8860141,0.095215246,-2.7930598,-0.14087296,-0.8462203,-1.1458229,-0.7907651,-0.3116663,0.1456681,-0.72343546,0.23430789,1.2555134,-0.92282116,-1.4416157,-1.4930143,-0.9423499,0.05257268,0.8370227,-0.42705175,0.871419,-0.35023332,-0.37474117,-0.4824701,-0.38725552,-1.5540785,-0.33866304,-0.3409076,0.7126639,1.6927714,2.4821937,0.23262443,0.8071232,-0.72243154,0.6307847,-0.48453027,0.9440137,-1.143991,2.675594,0.12038757,1.1360857,0.4498158,-0.75844884,1.2267876,1.1516663,0.24109825,0.3725729,-0.47365928,-2.3011062,-0.50473076,0.08950728,0.42732257,1.4477886,0.69204795,0.38943365,-1.1799654,-0.050456133,1.9601474,-0.36827946,-0.43285254,-3.0079534,0.0069611166,0.97188425,1.3679775,-0.8280959,-0.8283686,-0.24854636,1.9630177,-0.04809095,0.17934245,-1.234219,1.102735,-0.36251485,0.32039547,1.3536342,2.1184485,1.9959323,0.16977465,-0.93052614,0.8502212,rodolfo
74,-0.4879804,-0.042630058,2.4711912,0.7662044,-0.8498506,2.1814613,0.11537999,0.10472432,2.8936865,-0.7300387,-0.9131144,-1.1339521,-0.062712766,-0.15369084,-1.7213293,0.55194145,-1.528098,1.7426753,-0.15617341,-0.96300066,0.5689095,0.6667974,0.1586569,-0.6835512,0.69561076,-0.34866056,0.7140869,-0.46518075,-0.8846538,-1.4390591,-1.4717932,-0.17794326,-0.5961117,-0.7207395,1.2809737,-0.7150515,-1.3519562,0.33350348,1.6037822,0.37665763,2.1329353,-1.7128214,0.12423115,-1.5824165,0.82706785,0.800478,-0.2938983,-0.87673235,-0.35521626,0.59707046,-0.775244,0.5382324,1.8799858,0.23971087,0.5727715,0.11718756,0.4050416,-2.6749568,-0.21913038,0.24060759,2.1155784,-0.14479339,-0.26658925,0.13998865,0.5299882,-0.568134,1.1060021,-0.56441003,-1.0546045,-0.83602643,-1.6555035,0.46099958,0.14090525,-1.3801965,1.2989405,-0.9138738,-0.68022394,1.8198999,0.89193904,0.29477626,0.86160934,-1.4786773,1.3751227,-0.847073,1.459378,-0.43927044,1.0775849,0.030399993,-0.3252227,0.16596104,-0.54117775,0.8825558,-0.07001732,0.014848216,0.579174,-0.22812478,-1.0391645,0.40587583,0.5575117,-0.068936124,0.66634536,1.8570696,-0.30566716,0.092222795,0.55605763,1.1880285,-1.8323829,2.1710951,-2.1110146,-0.8595076,1.7799436,0.6353492,-0.74624467,-0.46571717,-2.473254,1.1791257,0.052713603,1.5770006,-1.4581151,-0.68351275,-0.40411222,-0.8474343,0.88763815,0.77453697,0.1972213,-0.21612525,-0.93088955,0.7532114,rodolfo
75,-0.6908277,-0.5057049,1.5903829,0.3022881,-1.6943719,2.7023566,0.072138414,0.042781994,0.9154219,-0.80203,0.7715068,-1.7161231,-0.4157769,-0.52887166,-0.8575791,-0.0060574953,-2.0109162,-0.2060366,-0.8383725,-1.1885684,-0.49023002,0.8805522,-0.6229675,-0.12021569,0.6603707,-0.5446861,0.55333555,-1.1772511,-0.16219206,-0.9766332,1.092707,-1.0071951,2.1195784,-1.0737686,1.189523,-0.42545128,-0.35462558,-0.50100243,1.0998127,1.0457927,1.0057797,-1.5669837,-0.06789726,-1.3422319,0.8222232,-1.40163,0.41111508,0.39568293,0.5759977,-1.6920536,0.5806345,0.14079963,1.0708481,-0.3692318,0.6244405,0.89291584,0.53273475,-1.1252637,0.2683121,0.7887301,2.0559523,-1.5065173,0.84932715,-0.90808743,0.35832015,-1.131311,0.5473366,1.1719259,-2.333812,-1.1253176,-1.581458,-1.0034647,-0.69445914,-1.9958324,1.013942,0.015178483,-0.6634642,2.7380042,0.35207632,1.0156295,1.076904,-0.84617555,-0.51899034,-0.079382084,0.07626247,-0.7929118,-0.9142657,0.41671354,0.30071497,-1.5675089,-0.15854117,-0.18178299,0.66870356,-0.35863933,-0.15097286,0.7482809,-2.590961,-0.023192829,1.2890463,0.34607616,0.36250627,-0.48816958,0.19395351,0.78523815,0.08534675,0.10598087,-1.752399,0.5638989,-1.2915969,-0.64871764,-0.09057046,-0.1381572,0.3561249,-1.4401159,-1.6849939,0.018397957,0.06047096,0.06690979,-0.7825477,1.5131642,-1.0312314,-2.102632,0.7909989,1.838358,1.4265577,1.2768044,-0.71260047,1.4375219,rodolfo
76,-0.09601785,-1.1570053,0.49283263,0.85962456,-1.0410157,1.3071761,1.5924809,-0.5164375,-0.54623914,-0.45806983,1.9273154,-1.0808297,1.5071391,-0.50629175,-1.3140944,0.1626442,0.16627969,-0.9751986,-1.3452517,-0.027794437,-0.7746655,0.4878437,-0.6089787,0.21669942,0.89064574,-1.0999975,1.4425076,0.6001534,-1.420649,-1.2746996,-0.23206338,0.79470825,0.68561983,-0.46993697,0.8316986,1.6550436,-1.4137776,-1.1307395,-1.0367684,1.9854394,1.0413173,0.5492585,0.99939823,0.23206279,1.1926194,-2.46424,1.2205223,1.3849583,0.5431925,-0.8225564,0.1020032,-0.8949423,-0.50997806,-0.14077234,0.21650349,0.9126275,-0.47681144,0.6752693,-0.46121183,-0.3603266,0.69991434,-0.8016717,0.1497101,-0.37921798,0.7905328,0.09839304,-0.5554149,2.0371077,-0.51717013,-0.9646543,-1.786537,0.78066576,0.6548814,-0.029565208,-0.30897728,-0.29708788,0.35995162,1.1577944,0.3919569,1.4297196,-0.12288231,0.47913125,-0.5805616,0.25584507,0.72340995,-0.54009926,1.9459463,-0.92421937,0.72104335,0.38451537,0.052810207,1.2271107,0.85061723,0.45923615,0.36571825,1.2739568,-1.1658448,-0.35569012,-0.14009465,1.4072833,0.7034287,-0.31667864,-0.10972902,-0.48063296,-0.19887605,-1.2891228,0.012232395,0.4024754,0.028442487,-2.1417894,1.2323085,-0.12888037,1.8910996,0.6478761,-1.1322004,1.3334411,0.9690019,1.119662,0.55093443,1.5333639,-0.72246057,-0.11209217,0.38984007,0.6554602,0.85226846,1.1804464,-0.30476642,-0.11761393,rodolfo
77,-0.44010302,0.10026194,1.7999986,0.730089,-1.9265763,2.4709182,0.40367007,0.3617759,1.0159961,-0.41530406,-0.45487013,-0.7957729,-1.376824,-0.49956155,-0.76108,1.0397853,-1.8660395,0.84982044,-0.22953379,-1.2139028,-0.55955565,0.20371953,-0.30647916,-1.0034745,0.8963336,-0.7424565,0.69626963,-0.26925954,-1.123243,-2.0690184,-1.5694342,-0.26736236,1.2075763,-0.40774527,1.1211535,-0.027261872,-1.4145439,-0.8020584,0.17376065,0.31430978,0.6640411,-1.5501205,-0.60617673,-0.92082596,0.622688,-1.1613196,-1.1428918,1.1311643,-0.12982766,-0.92773545,0.9432704,0.2494785,2.041531,0.7543187,1.8601276,0.5871132,-0.441734,-1.6349683,-0.26579833,0.71148664,0.9230903,-0.72053075,0.28914055,-0.113065556,1.5127707,-0.8251389,0.5415874,0.4255976,-1.2611072,-0.6263244,-1.6025853,-0.79752815,-0.16039452,-1.108951,1.0716344,-0.12008537,-1.2389221,2.3798795,1.5671765,0.7869925,1.8793069,-0.7677784,-1.0592635,-0.9802591,0.9939677,-1.9416643,-0.28015015,-0.1323874,0.36309665,-0.13147846,-0.6353491,0.47083795,0.49127457,-0.19516882,-0.7883877,0.17688313,-1.8322954,0.044247553,0.797984,1.3699415,0.45317793,-0.5087138,-1.0498481,1.3082583,0.38696775,-0.32824963,-1.819814,0.2672625,-2.028594,-0.36037895,0.5732134,0.9983812,-0.20121619,-0.8286277,-2.0223956,0.21045753,-0.1513426,0.65069205,-0.06963276,1.1156243,-0.40247154,-2.673958,0.2894212,2.1806757,1.2464321,1.6724875,0.44738877,1.9043709,rodolfo
78,0.15038905,-0.4929584,1.1720235,0.7235288,-1.9583925,1.871758,-0.07335647,0.11099914,0.18838808,-0.03303566,0.15785083,-0.32742935,0.6177632,-1.0268146,-1.0169251,0.0036896318,-1.2129905,0.28084612,0.9119194,-0.9910798,-1.3901594,0.30906504,-0.4637962,-0.3892864,0.3432634,-1.0027558,2.271989,0.82887274,-1.3384336,-0.98938495,-1.1105464,0.17579676,1.7175975,-1.559436,1.1334486,-0.60772264,-0.80768895,-1.1708287,0.9490493,1.2651592,-0.2755634,-1.6169726,0.52656084,-0.58845747,1.4541283,-1.1747342,-0.7523268,0.47709942,0.56750494,-1.1883054,0.7965948,-1.1676573,1.6557025,1.1775409,1.0696872,0.6084226,-0.75908256,-0.34266248,-1.1904132,-0.11225705,0.3422027,-0.93490565,1.4453439,-1.7556696,-0.12461961,-0.95671624,-0.21288633,-0.71713775,-1.650248,-1.3802394,-1.0177509,-0.36486834,0.1369947,0.48713005,-0.32707322,-0.5532304,-0.49127796,2.4034946,3.2232673,1.0073841,2.3399253,-0.5904714,-0.39743072,-0.3882304,0.6309785,-1.4836476,0.67443,-0.20426491,0.76018584,-0.46992102,-0.975936,1.1036495,-0.49322888,0.59800583,-0.50728595,0.6842241,-2.3339953,-0.7728449,0.2044189,0.12119549,0.6087098,-0.32004377,1.5642527,0.3827022,-0.07494323,-0.61488634,-1.4088763,0.104158975,-1.5074378,-1.6851249,1.8358443,-0.7354855,-0.6054821,-0.048847035,-1.7205087,0.81584334,0.5054896,1.4587796,0.11729416,1.4817675,-2.1863976,-1.6725255,0.3810659,2.6594675,0.6347794,3.443309,0.20768161,-0.038437575,rodolfo
79,-0.7167411,-0.6988312,1.0180557,0.6129531,-1.5854785,2.3455493,-0.506916,-0.38788086,1.0741005,-0.6350314,0.5989336,-1.1677135,0.88048184,-0.85148203,-0.6241597,0.25061494,-2.0069938,-0.14697,-0.9838985,-1.6825786,-0.9806447,1.3254294,-1.2470622,0.46346036,1.2798438,-0.429794,1.0026848,-0.23830819,-0.54283357,-1.287001,0.097145334,-0.2523973,1.2534317,-0.7060339,0.74347657,0.07350947,-0.44960514,-0.58568144,-0.107279494,0.81661224,2.1765318,-1.245031,0.57346344,0.04114817,0.4328933,-1.813108,1.5501856,-0.23391417,0.48454148,-1.9232495,0.39254832,-0.18814206,0.4349215,-0.16524428,0.8245961,0.5303961,0.897596,-1.2736406,-0.47523886,0.5695619,1.986873,-1.2284956,-0.05326113,-0.77533764,0.98638755,-0.99302524,0.27021623,0.84225756,-2.8188055,-1.780809,-1.1369922,-0.33729482,-0.5183843,-1.3445445,1.4310502,-0.03445783,-0.5936474,3.1143858,0.7377928,1.1413597,0.9314495,-0.84172666,-0.35904443,0.34769446,0.020960432,-0.6994456,-0.2727307,0.68797475,0.81390274,-1.8420159,0.17833054,-0.5919556,0.974849,-0.8966404,1.0276191,1.2882462,-2.3285656,0.0925669,0.922921,-0.1864652,1.0141083,-0.39144528,-0.6963195,-0.38399547,0.11420023,-0.104177915,-1.614114,0.2293896,-0.2625987,-0.8814533,-0.53424895,0.22364888,0.74543285,-1.1639135,-2.0187938,-0.059909992,-0.25991857,0.13029619,-0.42996994,1.8600539,-1.1986276,-2.0450747,1.4380164,2.0513046,2.4165533,1.20721,0.22035897,1.4128308,rodolfo
80,-0.046981752,-1.863208,0.46279395,0.62416357,-1.0617136,1.5094378,1.0161623,0.11896169,-0.47612396,-0.33708724,1.5471674,-0.82215357,1.5515082,-0.4415012,-1.3427174,-0.4737258,0.0006535053,-0.32147968,-1.2398545,0.5290119,0.08115609,0.5806063,-0.010038137,0.42889702,1.1444901,-1.5904458,0.54334867,0.5823855,-0.91309994,-1.3293867,0.22843677,0.9450665,0.5244511,-0.00015930831,0.510017,1.0887035,-2.0207584,-1.3790737,-1.0959606,1.4032311,0.62803173,0.54052377,0.9552256,0.11929104,1.5749019,-2.0875556,1.4718945,0.8267534,0.24678577,-1.7252283,-0.43106425,-1.1982423,-1.1841655,-0.82863396,0.15174459,0.1445512,0.38977247,1.0614998,-0.39584985,-0.7252415,1.5751696,0.16340859,-0.6924794,-0.07300927,0.9765822,0.06362465,0.2625545,1.7754376,-1.0992638,-1.3227857,-1.7113822,0.6196561,0.924194,0.55048126,0.40764806,-0.14222725,0.4163666,1.1467848,0.57254255,1.9191562,0.12703654,0.59376204,-1.0194316,-0.3763595,0.2308442,-0.4758923,1.4684908,-0.84688973,0.23811328,0.2978651,0.7864772,1.7787272,-0.6806398,0.29455748,0.76893616,1.0215316,-1.3148621,-0.05892566,-0.015580416,0.75993043,0.33376414,-1.0123775,-0.8171376,-0.7892712,0.16232911,-1.1057435,0.71372056,-0.39036256,0.87280226,-2.1811297,0.22796825,-0.2589867,1.7979593,-0.015325049,-0.7479758,1.4853134,0.85945904,0.82633525,0.6186288,1.9163572,-1.0804977,0.614413,-0.028601535,0.98029834,1.8250899,0.15462503,-0.48997906,-0.7344305,rodolfo
81,-0.7173029,-0.93269134,1.5924076,0.43712965,-1.7925711,2.3968506,-0.08844545,0.6516004,0.98925513,-0.39920378,-0.089728504,-0.7798658,-0.30752963,-0.9056722,-1.17322,1.0223428,-1.8163147,0.38642526,-0.38623825,-1.283926,-0.34831223,0.06172912,-0.45073882,-0.85088015,0.74500936,-1.5727744,0.7854718,-0.12773187,-1.0416676,-1.6420143,-1.2637488,-0.27323833,2.0455668,-0.8333004,0.8504111,-0.20000412,-1.1772186,-0.54097885,0.010408193,0.5560014,1.1934254,-0.8778653,-0.3501582,-0.14533599,0.5302988,-2.250641,-0.23755099,1.0696197,0.59904003,-1.1240036,0.35820258,0.15524168,1.4538299,0.41733852,1.5895625,0.5449183,-0.21402553,-1.2681148,-0.50982887,1.2284793,1.0251838,-1.1902903,0.13044997,-0.679289,1.1197566,-0.65945685,0.36500508,1.1076653,-1.5028312,-1.1458746,-2.3847637,-0.27611446,-0.8855339,-1.293829,1.080091,-0.3058709,-1.4136912,2.2384973,1.3855904,0.7902004,1.4904308,-1.1821947,-0.49840245,-0.54299587,0.70405376,-1.6214674,-0.16180065,0.0068968534,0.28941575,-0.19190928,-0.46945044,0.3259012,0.28855357,-0.21900979,-0.7091891,0.69297713,-2.7608154,-0.6506569,0.44052055,1.0951505,0.9942176,-0.5192234,-1.091846,0.59337294,0.3458798,-0.44258666,-1.9622866,-0.45402238,-1.7839181,-0.23721643,0.62148917,0.572476,-0.120818675,-0.7427151,-2.3068347,-0.21370131,-0.14665964,0.010148488,-0.27785423,1.1473591,-0.4984784,-2.632497,0.19792375,2.501548,1.5200458,1.164784,0.28933066,1.7694777,rodolfo
82,-0.33017263,0.13240911,0.9040962,0.61664164,-2.3720584,2.5060136,-0.05391898,-0.48011816,1.5401208,-1.3661554,-0.19075495,-1.422853,-0.039402407,0.09995212,-1.3278483,0.65255904,-2.0933774,-0.94852877,-0.7353925,-0.8045732,-1.440677,0.9536397,-0.43885309,-0.11116081,0.84367335,0.485631,1.0796216,-1.0312248,-0.82925206,-1.7797972,-0.43420818,-0.93284357,1.285304,-0.71341556,0.47764063,0.8833339,-0.22226477,-0.4052162,1.1340773,1.1611915,2.0661802,-0.34703925,0.3210683,-0.9719108,1.1807411,-1.0729926,-0.2591052,1.0525982,0.43261003,-0.21125036,0.34350234,-0.26778597,1.4151052,-0.004663527,0.12047237,0.63783455,0.8253354,-0.758386,0.26508856,0.22637603,1.5274223,-0.874818,-0.07035986,0.36105257,0.0027767979,-0.4110433,0.36056697,-0.6546254,-1.5350244,-1.3377519,-1.1613735,-0.6730435,0.5053709,-1.6524831,0.9487842,-0.9346653,-0.9389322,2.8542502,1.5166333,0.28484768,0.8675172,-1.1983639,0.4116293,-0.08404871,0.4532122,-0.96332073,0.4934411,1.066893,0.72420466,-0.73191994,-0.009002216,-0.16889383,1.2216558,-0.20367071,-0.055430986,1.5695889,-2.074703,-0.33657566,-0.8223042,0.5097194,0.8785462,-0.019947946,-0.17216232,0.7584024,0.29205278,-0.71738255,-1.2653373,1.3235004,-1.6262187,-0.5067464,1.1438941,0.028665584,0.7832184,0.5820797,-2.394671,0.30278045,-0.2421887,0.53306377,-0.22059035,0.32249182,-0.66780484,-2.8269794,0.9196213,1.3532618,1.2361786,0.08965298,1.0300046,0.8435375,rodolfo
83,-0.12369865,-0.5495948,1.5258679,0.27834055,-1.540556,2.566564,0.3205205,-0.25029153,1.6929523,-1.7899926,-0.20870107,-1.1060257,-0.2131464,-0.07896994,-1.6839669,1.0469792,-2.127354,-0.43951875,-1.2002484,-0.87370765,-0.75464475,1.513657,-1.4308572,-1.0672075,1.3605849,0.33488882,1.1196246,-0.58997744,-0.051971212,-0.9412844,0.072083,-0.30016407,1.0673295,-1.2584676,0.090985276,0.7953642,-0.95015424,-0.35837072,-0.29346573,1.3902098,2.5487206,-0.74432075,0.31891978,-0.602422,1.6547897,-1.3403203,0.37933984,0.9067757,0.17633687,-0.2587132,-0.07187009,0.13181587,1.5357773,0.023132175,0.21425037,0.026894933,0.11481647,-0.67307925,0.819312,0.72315943,1.705571,-0.95660377,-0.33814606,0.3992389,0.24508038,-0.45115292,0.49130017,-0.15759419,-1.6286774,-1.7651049,-1.6442655,-0.87029064,0.3648113,-1.8147495,0.83210987,-0.8913278,-0.45825258,2.931559,1.5620348,0.9011706,0.13113475,-1.0098547,0.5912124,-0.3694695,0.21798047,-1.0920302,0.58336115,0.5624649,1.7726225,-0.66401833,-0.47681883,0.060777046,0.8686218,-1.1163896,0.46624455,1.1280153,-2.2406647,-1.0308368,0.38920376,1.0014555,1.4835535,0.69009715,-0.55209374,0.44545338,0.16178155,0.11900458,-1.0289876,1.6020883,-0.9686894,-0.51024896,0.8489608,0.17799628,0.9498918,-0.060469918,-1.7021517,0.3791249,-0.084178954,1.0621784,-0.7811824,-0.5722082,0.13537878,-1.5664946,0.84845734,1.4739984,1.4740977,0.2668701,0.2693713,0.8938204,rodolfo
84,-0.46920738,0.3178833,0.90101886,0.7167716,-2.1037421,2.7720196,-0.168177,-0.31361476,1.6090149,-1.2873302,-0.56407213,-1.201264,-0.17392743,0.114787504,-1.1282469,0.4184208,-1.6302264,-0.23966198,-0.79337513,-0.56122315,-1.328055,0.43276584,-0.34610826,-0.65329856,0.5992882,0.6994493,0.68342197,-0.37496734,-1.2105752,-1.5445924,-0.548067,-0.88581353,0.8537509,-1.0193493,0.44563094,0.6026885,-0.797606,-0.36937577,1.1605756,1.0325056,1.8894184,-0.9434096,0.49533355,-0.81951576,1.5771884,-0.93785787,0.35810697,1.1141946,-0.1766997,-0.093072385,0.7607785,0.099939,1.4287694,0.025086388,0.56493306,0.29915068,0.8267389,-0.98133475,0.38871965,0.7696141,1.7751623,-0.8833806,0.22721224,0.2307856,0.573997,-1.0166568,0.057536654,-0.7949242,-1.1360459,-1.8569242,-1.5849862,-0.66541326,0.19689764,-1.2607592,0.93226576,-0.20050666,-1.074886,2.1635356,2.1348858,0.09069337,1.1081982,-0.70007956,0.7913126,-0.21022418,0.4484887,-0.9356722,0.7631755,1.2593199,0.89547265,-0.33177707,-0.6616633,0.033380166,1.2564307,-0.026828062,-0.18412703,1.4554716,-2.0206194,-0.33293724,-0.6630574,0.7648407,1.2072159,-0.09980855,-0.51389426,0.7572347,-0.21948102,-1.0208689,-1.6765051,1.8032497,-1.1491634,-0.68159944,0.7766387,0.3610924,0.36688182,0.3837268,-2.3040857,0.029758498,-0.20110929,1.0325832,0.09372454,-0.0051747207,-0.39091724,-2.1311707,0.6621466,1.48503,0.7667239,0.35375342,0.84529334,0.254305,rodolfo
85,-0.54189765,-0.1927927,0.5591571,0.5885286,-2.0729158,2.4323177,0.11524667,-0.28677887,0.73019266,-1.4961094,-0.18373635,-1.3130736,0.12700215,0.3621677,-1.1202404,0.61107486,-1.9035559,-0.9097068,-0.4778667,-0.93292975,-0.96726227,0.6774096,-0.6691718,-0.7285749,1.4756911,0.91555965,0.94493294,-0.5476515,-0.1511576,-1.2783573,0.18973996,-0.58106303,2.0448446,-1.0824971,0.19935124,0.45502406,-0.7870673,0.069179125,0.99614936,1.1284379,1.6104735,0.1905841,-0.22910479,-1.1912552,0.95793164,-0.7455833,-0.4415804,1.4702026,0.023561135,-0.548206,0.4073711,0.67902833,1.3462787,0.36028874,0.59157497,1.2565576,1.2727557,-0.7768641,0.18432616,0.9080384,1.8319203,-0.8257476,0.37873775,0.49937323,0.23374802,-1.7003509,0.13663085,-0.542574,-1.5230749,-1.6190453,-1.2037458,-0.35903555,-0.6277074,-1.5014179,1.2130797,-0.77042335,-0.8925538,2.6662147,1.5927877,0.42650294,1.0855404,-0.9055141,0.17893517,-0.4449361,0.37397936,-0.42733416,0.12292903,1.0773692,0.6866965,-1.2836392,-0.19041044,0.1794342,1.7188495,-0.12557673,0.17726721,1.7009851,-2.0289042,-0.8187047,-0.291295,0.15854327,0.97759324,0.103951044,-0.0045416206,0.52362317,0.39784363,-1.1080279,-1.767829,0.9053043,-0.961535,-0.77792305,0.09085559,-0.13127966,0.23752347,0.30610344,-1.9590582,0.056661755,-0.31581208,1.2208358,0.000108130276,0.50523263,-0.44735938,-1.7444175,1.0538273,1.3627135,1.4658234,0.7720599,0.4504469,0.9989135,rodolfo
86,0.25607324,0.96125984,-0.5248685,1.0157071,-0.37544483,1.9938219,1.6764474,-0.1327817,0.040535517,-1.2491673,1.0952682,-1.1091783,0.13618362,-0.54062784,-0.22625956,0.83557355,-1.8796077,-0.5055015,-1.176798,-0.44735292,-1.20601,0.874295,0.0448225,-1.6034262,0.7643079,-0.5216517,0.7846978,-0.7229231,-2.0484707,-0.7746566,0.8324435,-1.0468222,1.2165556,-0.5034585,1.2079864,-0.119994745,0.25465566,-0.65731704,1.4266872,0.9026445,1.5555068,0.35543275,0.2670686,-0.5397346,1.0538085,-2.2943916,0.6526689,1.1428134,0.019822538,0.9171543,0.3316688,0.7998006,1.5275077,0.82231206,0.7991878,0.49356705,0.2953211,-0.085283,-0.29269668,0.0006079301,2.1353457,-1.3343735,0.5664169,-1.1207001,0.4579057,-1.9630308,-1.3208851,0.48652604,-3.1847024,-0.9746357,-1.366377,-0.16553721,-0.7075009,-2.2381802,0.2721726,-0.28951108,-0.2344831,2.9915748,1.2352159,0.1826512,0.16664368,0.41686103,1.0443509,-0.03886252,0.43329006,-0.11189683,0.66252625,0.54689026,1.8264043,-1.723579,-1.6735599,0.06214685,0.60187405,0.052296914,0.7100817,0.033451516,-2.2311838,-2.383576,0.04372803,1.0125103,1.3916734,1.2007998,-1.2117814,-0.060020387,0.5327835,-0.617078,-0.523709,1.4581121,-0.6766162,-0.18599157,-0.26431316,0.783906,1.3549997,-0.41086176,-2.4165576,0.4374989,-0.6976311,0.35232177,-0.44465742,-0.1460773,-0.80124265,-1.0859234,1.8684515,1.0302243,1.2243067,0.12275656,-0.56574774,0.5526978,rodolfo
87,0.20610653,-0.85596657,2.359096,0.7135314,-1.6691608,2.6722612,0.9367062,-0.13153395,1.7925162,-1.1940581,-0.7011547,-1.0020205,0.29270977,0.030616015,-1.9407551,0.94495386,-1.551771,0.37494183,-0.065665185,-0.8897524,-0.87223077,1.0902814,-0.9364271,-0.92620206,0.871021,0.08736086,1.14151,-0.90262693,-0.27565026,-1.637183,-0.47760716,-0.6055436,0.52207696,-0.95823294,0.3383921,0.13864441,-1.090227,0.24123177,0.4914117,0.9768821,2.1753256,-1.0267831,0.884982,-0.54703397,1.1430689,-0.66133213,-0.23197442,0.34268653,-0.13200913,-0.91881,0.39589363,0.20114791,0.8993435,0.21106932,0.55011487,0.24381804,0.1797126,-0.8361911,0.3971697,0.5281406,1.5378662,-0.44251513,-0.18022208,0.32910946,0.4610011,-0.34843737,0.69007945,-0.29586747,-1.865889,-1.1087537,-1.5232059,-0.48287022,0.18816562,-1.3445922,1.3052386,-0.204532,-1.3102887,2.7196345,1.3041284,0.66731036,1.0102428,-0.7539387,0.4205792,-1.0226618,0.25587946,-1.5190566,0.62314063,0.31608135,0.5375117,-0.67396235,-0.5970344,0.38134772,0.72375435,-0.9053567,-0.10381152,0.5611908,-1.968793,-0.6320206,1.2443831,0.80362326,0.68618464,0.71780604,-0.5440144,0.4247091,0.08842965,0.5583579,-1.378324,1.4264567,-1.5894846,-1.2330109,1.1393415,0.69707614,0.48374373,-0.7782317,-2.117591,0.793893,0.003504837,1.4345149,-1.034857,-0.46631247,-0.22444372,-1.6259744,1.0651208,1.7302552,1.2615961,0.69203293,-0.23159564,0.44755954,rodolfo
88,-0.6170472,0.3942965,0.53095126,0.9967257,0.17233333,2.42411,0.94829,-0.2849801,1.3063776,-0.8053502,0.0133837685,-0.8056235,0.8472607,-0.5646558,-1.1684817,0.4217376,-2.0903285,-0.38988966,-1.1444917,-1.0967127,-0.42672276,1.4643832,-1.2807837,-1.2371045,1.0280967,0.3432684,2.209915,-0.6135462,-1.5409927,-1.1281345,0.2894582,-0.23963808,1.2556313,-1.1731021,1.3457233,-0.3372071,-0.23564689,-0.47658092,1.7308536,1.2100285,1.4093068,-0.4376862,-0.5760181,-0.48480538,-0.17619939,-0.5964128,-0.56970775,0.47388732,0.30399686,-0.54311085,-0.33501798,1.2538553,1.915468,0.6772371,1.7643675,0.601812,0.8407233,-2.1016276,-0.32917586,-0.7471035,1.1707582,-0.34451878,-0.31694475,-0.38798094,0.7601928,-1.2791231,-0.6784155,0.11940398,-2.2786756,-1.4800732,-1.2638222,0.4071987,-0.85696936,-1.6103251,0.536936,-0.091095656,-0.66683626,2.8498733,1.4107492,0.6714723,0.7254337,-0.7785479,0.54263425,0.6164857,1.6446164,-0.21816024,0.27560744,1.057436,0.4590663,-0.69950825,-0.8586731,0.64385325,0.54612267,-0.4147469,0.7035995,1.2867087,-1.0512477,-1.2749394,1.0382822,-0.41747764,0.9230566,0.96132046,-1.4001697,-0.5739485,0.1883116,0.287358,-1.3604537,1.0914749,-0.26828092,-1.2630599,0.6409616,-0.19879647,0.35152164,-0.75104034,-1.6205136,2.0555284,-0.87097704,1.7764684,0.44022995,0.37783912,-0.39552748,-1.4411957,1.3291012,0.8814023,1.546383,0.32146865,0.071036704,0.7122748,rodolfo
89,0.16996348,0.28112438,1.4304568,1.2916434,-1.5588223,1.272267,0.6919339,-0.71213925,1.1455163,-2.6209795,0.26149616,0.04772079,1.350682,-0.06323383,-2.1367137,-0.8265489,-1.911279,0.061656818,-0.19930542,-1.0030859,-1.3583218,2.1516688,-1.8768277,-1.1539093,1.5668445,0.7843568,0.8961824,-0.6207234,0.5843935,-1.8461655,-1.5816482,0.29900813,0.1911147,-0.934959,0.13661437,-0.023550611,0.007830065,-0.71920127,-0.16787052,-0.2529686,2.6561165,-0.15826514,-0.29761234,-0.25675863,-0.29989785,-0.073699296,0.58657956,-0.31432998,-0.11992059,0.5515574,-0.18387686,0.7376952,1.5972357,-0.49299127,0.85152274,1.2531698,0.21400638,-1.4477915,0.508655,0.7347134,1.2731202,-1.4414049,0.74176687,-0.25841886,0.51324314,0.26202616,-0.1093057,-0.28402454,-1.6511896,-1.4225855,-0.29555348,-0.47905448,-0.81707793,-0.912631,0.91244835,-0.9902472,-0.3808294,2.5994256,1.7256757,0.403655,1.4662968,-1.4388465,-0.48486558,0.047443233,1.742171,-0.584875,-0.14781122,0.5175288,1.0282998,-1.1096754,-0.42950425,0.59783393,1.2475532,-1.5678616,0.3857556,1.3807371,-0.43925616,-0.5049388,0.59347415,-1.2481058,0.7168474,0.6715212,1.1189413,-0.29479337,-0.13182259,1.347422,-0.2635609,0.6032156,-1.4813486,-1.5239397,1.0919558,1.0070812,0.7818115,-0.16184509,-0.69471633,0.3468623,-0.90603364,1.6051546,0.6676647,1.3652006,-1.2837616,-1.6661431,1.5878763,1.740798,1.3540413,2.0715399,0.21579991,1.7470443,rodolfo
90,0.34224403,0.13767254,1.6418269,0.6558257,-1.1454417,2.7083304,0.70204306,-0.06591669,1.250321,-1.1054438,-0.3162487,-0.3690072,0.7693234,0.16047499,-1.4894235,0.14259475,-1.1933901,-0.34639132,0.134653,-1.3272487,-1.185248,1.5365126,-1.0494503,-0.95736575,0.8108946,-0.04181633,1.1290337,-0.76653546,-0.6905151,-1.9557732,-0.4577768,-0.6148044,0.7311579,-1.1995888,1.1997526,-0.07478372,-0.36622193,0.4008247,0.76603097,1.133425,1.2554694,-0.7068351,-0.021301866,-0.55375916,0.17112996,-0.6040905,-0.60061413,0.17165524,0.3378749,-0.7208277,0.1637404,0.49436745,1.4219888,-0.22741273,1.0215896,1.1685059,0.28790283,-1.6565107,0.0257219,-0.039319977,1.119616,-0.3752948,-0.03937183,-0.48186824,-0.008861568,-0.96399695,0.0627995,-0.12518637,-2.2373333,-1.0526783,-0.9760137,0.10350239,-0.3738504,-1.6112683,1.3286808,-0.097657084,-0.98038435,2.7093458,0.83875865,0.43687165,1.3620106,-0.89078856,-0.59258413,-0.48568118,0.8884537,-1.1651615,0.29017428,0.10951631,0.70737696,-1.0797185,-0.9010559,0.19414212,0.61042184,-1.192338,0.458582,0.8951161,-1.2026905,-0.53423107,1.5978405,0.09934636,1.0044737,0.77660465,-0.5148457,-0.35093203,0.42447084,0.5277597,-0.8998419,0.5907215,-0.8020922,-1.6725949,0.9772818,0.58548635,0.007954754,-0.59678704,-1.9682487,1.1875439,-0.5370779,1.585663,-0.5101191,0.7516269,-0.9065482,-1.9517748,1.0927163,1.5692345,1.6109856,1.4366733,-0.2523038,0.80394346,rodolfo
91,0.16685936,-0.13888592,1.696115,0.7941037,-1.3255984,2.366531,0.6371961,0.012767668,1.4719459,-1.3348283,-0.16580297,-0.45734125,0.70030797,-0.35553688,-1.2087144,0.37116796,-1.5147833,-0.20447285,0.02846951,-1.2731854,-1.4166442,1.1984677,-1.0683072,-0.82618415,0.8647944,0.024921495,1.3094406,-0.4278229,-0.42541063,-1.8758157,-0.6681578,-0.70042247,0.59764934,-1.4317868,1.0862492,0.005821511,-0.7138824,0.290159,0.61154217,1.114153,1.7004417,-0.9251842,-0.06358372,-0.587855,0.75483096,-0.8300946,-0.3254773,0.093155675,0.64312714,-0.7050235,0.035151377,0.59702176,1.569262,0.088824175,0.87699926,0.96920925,0.215815,-1.2143258,-0.060651854,0.5475301,1.3136995,-0.66163164,0.10333137,-0.7138785,0.012756491,-0.51733416,0.37849388,-0.35249713,-2.0876431,-0.9217168,-1.0826935,-0.14173347,-0.2740386,-1.4629229,1.059692,-0.55283374,-1.2229079,2.88029,1.1465098,0.6368439,1.3166043,-1.0639185,0.11425176,-0.9085129,0.6125737,-1.3239099,0.22226492,0.19539548,0.99486625,-1.156667,-0.8311533,0.016887842,0.4603015,-1.0567503,0.24774843,0.8256387,-1.8446645,-0.5598839,1.2572701,0.43460572,1.05161,0.87626415,-0.23075923,0.20430285,0.72279876,0.7925533,-0.7720484,0.88748145,-1.1869994,-1.1994145,0.9815274,0.77419263,0.09590121,-0.8474773,-2.124607,0.8726158,-0.4803801,1.3129488,-0.53942615,0.17228524,-0.6175246,-1.9412293,1.1124197,1.5872647,1.4599758,1.4414291,-0.18284202,0.7632806,rodolfo
92,-0.9027785,-1.3400109,-0.14243422,-0.07646552,-1.120481,1.8932525,0.20342647,-0.49416208,0.69365954,0.4622764,0.5807399,0.7004114,0.76232773,-0.6888813,-1.3676213,-0.70473117,0.030086402,-0.8105287,-0.5647512,1.8798888,0.59767044,-0.038614552,-0.15438724,0.0037694424,1.1726208,1.1131349,0.2852856,0.6754411,0.14638758,-0.7457568,0.4104175,0.96527654,-0.64743423,0.45337594,-0.80264455,0.29492655,-1.3922002,-0.79355145,-1.092588,-1.1500648,0.3938334,0.16514961,-0.68819225,0.06817947,0.038548417,-2.2726521,1.0128335,-0.2791335,-1.1193435,0.52444553,-0.5434975,-1.307426,-0.51801336,-0.92715806,-0.9125123,-0.66504663,0.87928855,-0.036586076,-0.4352498,-1.0525852,-0.10929541,-0.078493394,0.33157775,0.023833523,-0.2907659,-0.451949,-0.2158156,0.60934573,0.7231105,-1.0255595,-0.3711421,-1.2950137,0.031193508,0.3797471,1.2699983,0.046437453,0.5887307,-0.54651016,0.9098888,0.9552674,0.16079837,-1.0223542,-0.92267036,-0.6564523,0.7621838,1.356234,1.4103926,1.2374338,0.5436598,1.4834753,-0.12647,-1.7687993,-0.07726248,0.003967488,1.3639786,1.1521873,-0.73904735,0.28502074,-0.11677216,-0.3551125,0.9784052,0.62217534,0.60076874,-1.1399074,-0.6149156,-0.21709208,0.6775233,-0.58927774,0.9842217,-1.4688722,0.6124293,0.77800536,0.2656271,0.3080254,0.7685517,0.5444263,-0.8767829,0.18504605,0.56895137,0.71531165,0.500884,0.4418235,-0.17974728,0.79646367,1.0347939,-0.5403603,1.04545,1.4309442,rodolfo
93,0.73305225,0.9311528,1.8924303,2.1312616,0.028266938,2.5389993,1.3419782,-0.64687973,2.4578586,-0.9678824,-0.6873089,-0.6463491,-1.4777445,-1.0826145,-2.772141,-0.09280442,0.24274248,0.8632286,-0.79909676,0.297007,-0.4878242,1.2638284,0.5116595,-1.59352,-0.45294172,-0.05892384,0.21622728,-1.1262842,-0.62495756,-0.6136469,0.3735941,-1.561856,-0.3625943,-1.7738575,1.9622663,-1.1939722,-0.13713656,0.26342368,2.355221,1.1519817,-0.04604889,-1.8449494,-0.4487687,-1.147985,2.297802,0.12463991,-0.6410175,0.61876774,-0.6429165,1.2350284,-0.16034599,0.011412803,1.9961846,0.113020085,0.8532355,-0.010509683,0.69513905,-0.9649985,-0.4936931,-0.11407311,0.8860586,-1.5700877,1.0908502,-1.1606225,-0.8849097,0.95285857,0.4997107,0.77972436,-1.5671127,-0.763096,-1.2427338,-0.6028119,-0.57393545,-1.2353739,0.6790468,-0.11965154,-0.8159846,2.0279408,1.4562491,0.35760158,0.7261856,-0.9591819,1.2523525,-1.4769504,0.038517736,-0.1400878,0.19236024,-0.39419436,0.25400344,-0.7818333,-1.3735425,0.4855912,-0.3422824,-0.5637484,-0.036231987,-1.0077914,-1.6888622,-0.27976304,-0.35442597,0.11212572,0.6537995,2.0104122,-0.8314119,0.39238337,-0.52156705,0.8125616,-0.68009716,0.17786899,-1.9154491,-0.8904907,0.5494572,1.9105822,0.6773926,-1.3017962,-2.619357,1.2160583,-1.5711585,0.8507825,-0.9615607,-0.5504559,-1.0918275,-1.3826064,1.6915176,-0.44868958,0.2745977,0.7408268,-0.21767528,0.5306381,rodolfo
94,1.0524963,-0.9352516,1.7528226,0.30205733,-0.9636261,1.1066562,1.7851577,-1.8702617,-0.07266748,-0.52036387,-0.7020776,-0.10607717,2.2572856,-1.0036685,-1.5872182,1.0946803,-2.0051525,-0.93025815,-0.56186455,-0.9605606,-0.6068671,1.6993105,-0.7717909,-0.56460345,0.76313454,-0.82271373,0.5288298,1.2387367,-0.3857019,-0.37075645,-0.7523726,-0.05721562,-0.102196075,0.2219427,-0.09996254,-0.14487565,-0.99282825,-0.7974457,-0.006507784,-0.6739665,2.4470308,-0.10106354,0.77991486,-0.76745605,1.1994829,-1.7761977,1.3240184,0.017123366,-1.0580349,0.21509747,-1.2031066,-1.378296,-0.0006750822,0.11843277,-0.7038245,-0.06511865,-1.180965,-0.6013851,0.076067284,1.0080658,0.7722747,-0.8842446,-0.66140956,-0.68152887,-0.6908129,-0.07176973,-0.3289921,0.54213095,-0.9566196,-0.4718463,-0.5155966,0.087044716,0.44362772,-0.6665069,0.6177684,0.027658977,0.12756248,1.9957957,3.1403866,0.32064867,0.8323482,-0.8993802,-0.078250125,-0.6075013,1.2622007,-1.4663794,2.647946,-0.4542169,1.721617,-0.2464506,-0.45116755,0.7852063,0.6911931,-1.0384452,1.6692101,0.34639007,-2.1089165,-0.43748832,0.14271072,0.19852254,1.9099436,1.2200633,-0.50644904,-1.4227,-0.19372573,0.96741617,0.15514764,-0.7873415,-2.067374,-0.97789747,1.153472,1.5201892,0.14881377,-0.65798116,-0.9666596,1.0559591,-0.70184803,1.4744133,-1.7639867,0.8691265,0.018426072,-0.09582669,2.1796596,2.5562258,1.8220713,0.64597714,0.6023281,1.0196084,rodolfo
95,0.9714751,0.49643013,2.486271,-0.64028025,-0.63572437,-0.30417955,2.6183608,-3.1445632,0.6933419,-1.0906001,0.53477883,-0.34632283,1.9684613,-1.8021121,-0.039893255,1.4990193,-2.361147,-0.02746727,-1.1622051,-0.67882955,-0.043050952,2.0577335,-1.0328312,-0.635778,0.73822206,-0.7299142,0.52704275,0.5162127,0.039904922,0.22083992,-0.43963656,-0.51894146,1.0328645,0.51238155,0.88996136,-0.7658294,-0.75087124,-0.9010533,0.3410714,0.1527743,2.0135365,-0.4574692,0.20512906,-0.88605225,1.1376864,-1.3615098,-0.0060374793,-0.89771855,0.69133335,-0.5918925,-0.066285744,-2.8896232,0.25404036,-1.1214956,-1.0069892,-0.84737194,-0.13294847,-0.010646358,-0.37208065,0.13910767,0.7233092,-0.90942156,-1.5825096,-1.4055176,-1.1063082,-0.20631905,0.89060277,-0.86253077,0.80032134,-0.8831719,-0.4545794,-0.7213758,-0.13185854,-1.7577748,-0.7850692,-0.7107198,0.9691603,1.4523544,2.2344468,0.039196253,0.9150527,-0.8316661,0.3556994,-0.54479337,1.02044,-1.0271854,2.5630078,-0.0006706193,1.2130597,0.4538069,-0.5686786,1.2735474,1.0343486,-0.16235563,0.6515419,-0.6425141,-1.8042929,-0.6014121,0.14693965,0.2987524,1.3716611,0.5140869,0.27018642,-0.74769163,0.0063697174,1.9268888,-0.036125585,-0.60710084,-2.956789,0.12431574,1.0279564,1.2864386,-0.6948861,-0.6731757,-0.16905306,1.467616,-0.016492924,0.4511175,-1.0413592,1.1559277,-0.20716374,0.511063,1.3780006,1.7956119,1.4928658,0.63069046,-0.9713059,0.9175226,rodolfo
96,0.9714751,0.49643013,2.486271,-0.64028025,-0.63572437,-0.30417955,2.6183608,-3.1445632,0.6933419,-1.0906001,0.53477883,-0.34632283,1.9684613,-1.8021121,-0.039893255,1.4990193,-2.361147,-0.02746727,-1.1622051,-0.67882955,-0.043050952,2.0577335,-1.0328312,-0.635778,0.73822206,-0.7299142,0.52704275,0.5162127,0.039904922,0.22083992,-0.43963656,-0.51894146,1.0328645,0.51238155,0.88996136,-0.7658294,-0.75087124,-0.9010533,0.3410714,0.1527743,2.0135365,-0.4574692,0.20512906,-0.88605225,1.1376864,-1.3615098,-0.0060374793,-0.89771855,0.69133335,-0.5918925,-0.066285744,-2.8896232,0.25404036,-1.1214956,-1.0069892,-0.84737194,-0.13294847,-0.010646358,-0.37208065,0.13910767,0.7233092,-0.90942156,-1.5825096,-1.4055176,-1.1063082,-0.20631905,0.89060277,-0.86253077,0.80032134,-0.8831719,-0.4545794,-0.7213758,-0.13185854,-1.7577748,-0.7850692,-0.7107198,0.9691603,1.4523544,2.2344468,0.039196253,0.9150527,-0.8316661,0.3556994,-0.54479337,1.02044,-1.0271854,2.5630078,-0.0006706193,1.2130597,0.4538069,-0.5686786,1.2735474,1.0343486,-0.16235563,0.6515419,-0.6425141,-1.8042929,-0.6014121,0.14693965,0.2987524,1.3716611,0.5140869,0.27018642,-0.74769163,0.0063697174,1.9268888,-0.036125585,-0.60710084,-2.956789,0.12431574,1.0279564,1.2864386,-0.6948861,-0.6731757,-0.16905306,1.467616,-0.016492924,0.4511175,-1.0413592,1.1559277,-0.20716374,0.511063,1.3780006,1.7956119,1.4928658,0.63069046,-0.9713059,0.9175226,rodolfo
97,0.01944578,-0.7907649,1.0515143,1.1797153,-0.93035674,3.2634583,0.70997745,-0.48202682,2.4729319,-1.0199642,-0.07246717,-1.4550841,-0.61944467,0.30983025,-2.1266317,1.0099372,-1.1503936,0.24814184,-1.0174937,-0.45944858,-0.4153273,0.3537396,-0.24746126,-1.8073955,0.85155576,-0.5138538,1.8202513,-0.13730514,-0.86424065,0.11918528,-0.84517694,0.29547504,0.5406216,-1.6612723,0.4625907,0.16479866,-2.1891606,0.339672,1.3546417,1.3256556,2.485755,-1.518894,0.07946441,-0.6532915,2.1685421,-1.1164976,0.052772153,-0.32524514,-0.014244303,0.20050575,-0.9358088,-0.5500828,1.4604717,0.31786263,0.26309028,-0.09116739,0.60975194,-0.8459534,-0.3399702,0.11821493,1.2333174,-0.30527943,0.68355113,-0.2339972,0.17329836,0.011165351,0.47806433,0.41102448,-0.6417075,-1.3532493,-2.409863,0.5034082,0.1516816,-1.0507647,0.21267883,-0.50056356,-0.34391332,1.5104141,2.1106508,1.3210787,0.6368818,-1.1132095,1.9720081,-0.33860913,0.7981981,-0.83135796,1.5108935,0.39212352,0.60172117,-0.15488245,0.19213507,0.5310928,0.18947512,0.0094536375,-0.5156294,0.6135517,-2.179022,-0.4964195,-1.4093442,0.5674402,0.2717384,1.1228406,-0.62923735,0.34833318,0.7333729,-0.29912615,-1.0928104,1.1015624,-1.2642393,-0.10704593,2.0269783,0.5039561,0.063190214,0.18152463,-2.5226378,0.35951287,-0.20823698,2.0390127,-0.3383795,-1.1493999,0.06829575,0.38961074,1.6779971,1.1539086,0.6867172,-0.2365125,-0.5155337,0.52560484,rodolfo
98,-0.34662834,-0.39740658,1.4728371,1.8513498,-1.5087488,2.1845205,1.1010048,-0.10288006,1.913869,-0.75803375,-0.32883033,-1.5365636,-1.2110844,0.46445516,-2.9571838,1.4569572,-1.1797168,1.0690266,-1.0538589,0.37247074,0.33542833,0.35058916,-0.6845773,-2.2791457,1.5399895,-1.1507957,1.4188344,0.25775605,-1.0498421,0.12552643,-0.90387404,0.06385596,0.6014376,-0.96170443,0.8648912,-0.05370852,-1.8716086,-0.75008327,1.690386,1.5666499,1.7318977,-1.1764038,-0.2931427,-0.51992065,1.9916514,-1.0503346,-0.5437245,0.53688204,-0.64525276,0.29116532,-0.81602967,0.13558324,1.8920164,1.0749649,0.43043557,-0.36325446,0.7948265,-0.5808574,-0.19373026,0.46985528,1.457534,-0.40792823,0.120807156,-0.6824897,1.3011211,0.11237846,0.7625252,0.9261794,-1.1695546,-0.95872605,-2.0675473,0.26874006,-0.1285464,-1.2024875,0.48243073,-0.50007766,0.9386883,2.0907342,2.6268742,1.8199215,0.7776538,-1.0563018,2.6767697,-1.1806878,1.0665872,-0.07142956,0.5609545,-0.082579136,0.19595107,0.5831032,-0.06905996,1.1861423,-0.7141528,0.25124475,-0.99713385,-0.3034494,-2.0945,-1.214918,-0.7503813,1.3488468,0.16244233,2.2297199,-0.8885087,0.36478603,-0.23845208,-0.074579686,-1.2273294,1.3635452,-2.185323,-0.17438239,1.8373066,0.6863854,0.40210953,-0.5738572,-2.1250217,0.5182668,0.5898113,2.1813328,-0.25257927,-1.1783893,0.87706816,0.1602864,1.1160722,0.08460499,0.7426213,-0.14528733,-0.56210464,1.0224395,rodolfo
99,-0.46041408,-1.0814384,1.8362485,0.8515012,-0.95471764,3.0111656,0.33133104,-1.2971677,2.5125885,0.2049175,-0.31462315,-1.5226817,-1.1027069,-0.13286321,-2.5060403,1.0671862,-1.4996233,-0.001150474,-1.0379692,-1.4444944,0.58158195,0.08840985,0.24302998,-1.0093483,1.1817048,-0.4394641,1.5967648,0.31403702,-0.47438604,0.5446852,-0.30022207,0.1389773,0.4996017,-1.503189,0.7026402,-0.4587168,-1.8807974,1.0979439,1.8658996,1.3604493,1.8203753,-1.7662798,0.11429468,-1.0633279,1.3273103,0.17333002,-0.014820341,-0.24068835,-0.77976793,0.20033455,-1.8093914,-0.8209765,1.5894976,0.71129066,0.00081993453,0.27023914,0.92290354,-0.908671,-0.5863249,-0.09418991,1.1638663,-0.31697333,-0.21245164,0.0036993884,0.08078559,0.10332956,0.3684309,1.2303233,-0.5330118,-1.0064336,-2.102438,0.67575884,0.14987998,-0.8578813,0.10717477,-0.102170855,0.36405957,1.5919399,1.5482664,1.541833,0.34242466,-2.1963375,2.0810747,-0.25328693,0.72867507,-0.5766289,1.734435,0.43915123,-0.13682765,-0.21097618,0.8720088,-0.21317533,0.7677467,-0.08488894,0.6743712,0.6461916,-2.3337524,0.59716177,-1.288485,-0.79752356,0.25900996,1.3764215,-0.38062516,-0.2981456,0.22181946,-0.094008796,-1.5302079,0.48912826,-0.8041926,-0.54928523,1.9726195,-0.14344423,-0.49910435,0.15822132,-2.3835454,1.047244,-0.040318027,2.2168639,-0.94456685,-0.42031288,0.1335672,0.3464959,1.8402367,0.8938474,1.0745186,-0.57180816,0.09014118,1.306374,rodolfo
100,-0.8121089,-0.79051197,1.3737719,1.8028339,-1.0806409,2.2673564,0.74547887,-1.2449502,0.9384631,0.20187552,-0.40781397,-1.6996243,-1.1631968,0.37025124,-1.6635811,0.6176686,-1.1868005,0.88191587,-1.084388,-1.4514685,-0.43453515,-0.660605,0.07725211,-1.7342298,0.8887605,-0.90619034,0.58966446,-0.27032393,-1.5249277,-0.41758332,0.25522465,-0.4174865,0.49193826,-0.88421804,1.4687226,0.034370463,-1.1712223,-0.07886403,2.3244762,0.6374899,2.3936458,-0.9410208,0.52216685,-0.29017535,1.2640074,-0.9708942,-0.14031258,0.62728393,-1.4901063,1.1976672,-0.88523114,-0.40307707,1.3177282,1.3390929,0.91465837,0.66295576,0.20743309,-1.3038496,-0.07304012,-0.34036627,1.9036641,-1.935137,0.6434563,-0.7802796,-0.093205705,-0.22061606,-1.1482677,0.4393418,-1.6757795,-0.5076548,-2.1974728,0.20532432,0.2738076,-1.6058165,0.570939,-0.16621076,0.37433517,1.9858897,1.6737354,1.5811104,0.6184102,-1.0696645,1.3595625,0.14789784,1.2419711,-0.84940135,1.2067205,0.101560876,0.31952706,0.35551697,-0.95112675,0.14569895,-0.16347052,0.5156386,-0.23588109,-0.22583038,-1.9280652,-0.4338932,-0.99701,0.04839076,-0.048758987,1.8225745,-0.76778966,0.17148337,0.8841629,-0.5224272,-1.1435738,1.3086623,-1.553056,-0.45852637,2.09179,0.9017149,0.26838896,-0.101013295,-2.9216583,0.36708,0.645578,0.9911956,-1.5649024,-0.7670564,0.018397555,-1.1302223,2.1249676,0.8857085,-0.20256339,0.10777398,-0.3754606,1.3712068,rodolfo
101,-0.04284732,-0.22627375,0.445639,-0.5221348,-0.6776349,1.200172,-0.32602438,0.07495814,-0.5855005,0.9828659,-0.6100595,0.4618192,1.1598153,-0.16900691,-0.85125756,-0.41360766,0.5365524,0.1696119,0.6664748,0.62153655,-0.12567008,1.2283064,0.043139726,1.0014716,-0.52239966,-0.13121912,-0.80868006,0.11371483,-0.22742857,-1.1314932,0.58297,-0.3057785,0.7465632,-0.04079103,0.34428275,0.73593646,-0.6806906,-0.45964754,0.46314785,-0.19316652,-0.21916884,0.39361656,0.1748918,0.6741024,0.16025566,-0.43305206,0.18136317,-0.30276996,-0.8596023,-0.41679037,-0.7246015,-0.48384053,-1.2226107,-0.4139689,0.2642979,0.092539236,0.32334405,-0.27118346,-0.57159585,-1.5485249,0.5047432,-0.57247967,-0.34974617,-0.5735663,-0.42130393,0.49724382,0.20198591,-0.18183562,-0.4302648,0.12844472,-0.26609477,0.48335293,0.85864365,-0.0803913,1.267306,-0.123176575,-0.885664,-0.5895384,0.95370036,1.4108592,0.8325334,-0.080548234,-0.52465856,0.46796063,0.28288278,0.8541024,0.33979672,0.36301523,0.13488121,0.99581945,0.058572404,0.47889555,-1.2293465,0.29337528,0.94192195,-0.19665861,-0.3891265,-0.08209859,-0.39645332,-0.74946076,0.33110887,-0.028697725,-1.2768152,-0.08571706,-0.24339136,-0.75663954,0.19474643,-0.47020915,0.7572027,-0.90278727,0.12262972,0.11129293,0.26833254,1.2870641,-0.58572334,0.08279662,-0.0009223968,-0.938092,0.6819774,0.29443365,-0.66390246,0.17528343,-0.53623104,-0.15831773,0.72994226,-0.60739446,1.1320518,-0.42563248,rodolfo
102,-0.6275065,-1.0487171,-0.0035226308,-0.22674191,-0.8972574,1.1278565,-0.7611425,0.45402962,0.16945934,0.50856173,-0.329263,0.9024277,1.1840193,-0.15469359,-0.2870894,-0.8598242,0.34114066,0.14818045,0.32613719,0.83393204,0.101336956,0.28934485,0.9516557,0.6742335,1.1604553,0.038593177,-0.08526161,0.7684724,0.053122047,-0.98968554,-0.2246607,0.57032645,-0.17003718,0.5008217,-0.082649715,0.45663708,-1.5926678,-0.17497987,-0.6250887,-0.28084344,0.17707594,0.43551096,-0.4397975,0.33319595,1.020938,-0.47757497,0.5772312,-0.9133284,-0.23206078,-0.12884307,-1.9230121,-0.34341243,-0.94086385,-0.9094777,-0.3412081,0.056893177,0.96161836,0.080140784,-0.23844707,-0.929012,1.2900375,0.40265107,-0.51413274,-0.08846508,-0.028793871,-0.33994246,0.215771,0.06178269,-0.08764297,-0.97671986,-0.8010151,0.39412656,0.5351901,0.80714417,1.4641397,-1.010166,-0.41482115,-0.97063875,0.60280925,1.0946441,0.78403944,-0.39103478,-0.7843306,-0.15989798,0.39489916,0.47534475,1.0026172,0.4218334,-0.79717696,0.9916766,-0.032632954,-0.074372806,-1.1674358,-0.32492578,1.2263792,0.3213951,-0.6857073,0.888228,-0.36265075,-0.45715714,0.2687217,-0.23454523,-0.7097014,-0.43138438,0.47735608,-0.24323404,0.32484204,-0.60887694,0.83666915,-1.663403,0.29652077,0.035282075,0.17570803,0.7533979,0.24840227,0.6380248,-0.14048058,-0.26452178,1.231814,1.2257855,0.2108098,0.48486322,-0.9422087,0.39602146,0.82745105,-0.8745416,0.7612995,0.45826873,rodolfo
103,0.1175242,-0.59594464,0.04053253,-0.6985842,-0.39995542,0.07092615,-0.5137305,0.09379397,-0.17578077,0.24225616,-0.52149063,0.5193019,1.0501357,-0.36916423,-0.42288205,-0.4223563,0.16608621,0.45205104,0.53799736,-0.3165879,-0.2806611,0.58343345,0.22424838,0.7493994,0.18584074,-0.5464276,-0.1620062,0.3757656,0.033240248,-0.6898721,-0.2624673,-0.04678135,0.40229532,0.06685262,0.030428333,0.48531818,-0.3476876,-0.1951341,0.18182373,-0.102865115,-0.004530987,0.4744027,0.32721174,0.3402784,0.3348519,-0.3552024,-0.1631917,-0.67451096,-0.26871604,-0.23867679,-1.5086988,-0.21923663,-0.6519249,-0.2678612,-0.20600834,0.7092246,0.4209908,-0.1614981,-0.30309397,-1.0044358,0.11634179,-0.13137047,-0.44178054,-0.036497544,-0.29612067,0.8096285,0.31106415,-0.259377,-0.57127243,-0.47621116,-0.033207715,0.61475015,0.42273304,-0.3759706,1.2892185,-0.84054977,-0.96867657,-0.4593804,0.220622,0.3377499,0.7206371,-0.086098954,-0.63656515,0.12272838,0.53237414,0.40793455,-0.19235414,0.20291959,-0.23143567,0.9270976,0.3406456,0.35119197,-1.0264151,-0.1618006,0.41886428,0.27202502,-0.8095388,-0.52994555,-0.3430747,-0.46333158,0.17809269,0.14721608,0.02021446,-0.85260576,0.07558129,-0.081328735,-0.11499193,-0.6699418,0.16716833,-0.8601941,0.5391396,0.28956658,-0.099336624,0.99913543,0.05842817,0.19190288,-0.056326866,-0.2125378,0.51011276,0.8112351,-0.28659183,-0.1122804,0.13711461,-0.18790992,0.4012937,-0.44385812,1.0246724,-0.28274632,rodolfo
104,0.020524539,-2.003764,0.8633096,-1.1919672,-1.4297612,1.4660039,0.3093943,-0.7411532,-0.13862477,-1.0021616,1.3842937,-0.36948526,0.7219238,0.6069031,-1.6990023,0.84428805,-0.10858828,0.59187657,0.88645005,1.3173398,0.14208862,-0.43938038,1.5381441,-1.239657,1.3854051,0.2737891,-0.37723097,0.9164076,0.022323292,0.17994879,-0.5695342,0.9312721,0.51626766,1.1019789,-1.0582362,1.689905,-0.90661496,0.5962637,1.3881924,0.08916189,1.6837183,-0.011982288,-0.7316128,-0.2623574,1.623688,-1.6228938,-1.2393038,-0.14704767,-0.3512925,-0.35095286,-0.5791448,-1.3000581,-1.6176792,0.03186547,-1.4536158,0.9085536,0.21416868,0.92672664,0.18242946,-0.31694263,1.3906375,-0.26242322,-0.0660332,-0.4245615,-0.78180164,-0.23208232,0.5783257,-0.8027343,-0.24097952,-0.13087147,-1.3114163,0.8651688,0.67571956,0.31095815,1.3546507,-1.0572634,-4.198402e-05,-0.19537479,0.70216244,1.6035767,-0.2308461,-0.39349696,-0.109538436,-0.25813854,0.18772393,0.46927825,1.5180566,0.15132082,0.25408453,0.52581096,0.5644804,0.10822695,-0.7652877,-0.18009734,-0.07965104,0.035444897,-1.0012547,-1.6791391,-1.8025389,-0.63460237,0.13581404,0.39185092,-0.019235253,-0.9791375,0.18175757,0.5105234,1.0223763,-1.5965748,0.061453104,-0.38201818,1.4664185,0.62131774,0.13265377,0.03932962,1.3375243,0.3830129,0.7278446,0.30493858,-0.7080575,-0.4373326,-0.27560955,1.9894031,2.0172927,0.50532836,0.12773721,-0.79190964,0.12990025,0.68587327,rodolfo
105,-0.22544533,-1.341417,0.4477852,-0.60467094,-0.7062523,1.0328504,0.17353423,-0.112844884,-0.4506038,0.043957543,0.86187834,0.30686834,0.4459548,0.3711741,-0.9048581,-0.8381673,-0.0021331087,1.1311562,1.0339766,1.466956,0.2954791,-0.8094689,0.22686487,-0.4941003,1.7025458,-0.26969233,-0.23255973,0.78137714,-0.32394612,-0.7764833,-0.46023914,1.9710239,-0.49149483,0.26422533,-0.81830794,0.5557121,-0.7487272,0.6664956,1.0362009,-0.33445886,1.0092431,0.45039392,-0.15362275,0.7658156,1.1330615,-1.1285076,-1.3836629,-0.36132324,-0.2981841,-0.31263876,-1.050137,0.010195017,-1.2735766,-0.19735274,-0.43169487,0.51216555,0.8149432,-0.0394616,-0.4905122,-0.7209418,1.5306,0.9561849,-0.5613112,-0.8497297,-0.71238947,0.92350554,0.5718655,-0.8373248,-0.3577762,-0.16365242,-0.9994443,0.23453403,0.45880562,1.1469271,1.0613626,-1.0010614,-0.8236538,-1.1075202,-0.009670325,2.3028765,1.3919507,0.35623604,-0.63565046,0.14713615,0.59291786,1.2886276,0.9216624,0.6676851,-0.21041472,1.2539514,-0.09175485,0.31070164,-1.1551999,0.257706,0.07174304,0.4039495,-0.18384326,-1.1638258,-1.0202932,-0.60533166,-1.0458432,-0.87002385,-0.5820767,-1.8629882,0.37508595,-0.68849045,1.1708022,-0.5864427,1.612013,-0.19142306,0.5157895,-0.5550608,0.36867544,-0.292197,0.26341295,0.49706236,-0.019179106,0.48656437,0.2842121,0.051924843,-0.27483082,1.5068713,0.71266615,0.37736246,0.5012934,-0.047254838,0.13236508,-0.15744852,rodolfo
106,-0.26967788,-1.44277,0.73576456,-0.7007668,-0.92373335,0.7365615,0.09105563,-0.16845287,-0.3513846,-0.16051659,0.5596688,0.07832172,0.38365662,0.45677695,-0.79223096,-0.72454774,0.09644256,0.872277,0.711761,1.3930417,0.22225046,-0.48645687,0.5183949,-0.30550563,2.1438386,-0.3585809,0.03441264,0.78481036,0.19124827,-0.6693142,-0.52787113,1.9656552,-0.57169646,0.50979996,-0.7311866,0.73380494,-0.9955468,0.47169816,1.4080656,-0.30771708,1.0609652,0.18786474,-0.4404929,0.8954587,1.2942034,-0.7050713,-1.3191534,-1.0914034,-1.1324302,0.011921771,-1.7371486,0.06516346,-1.3318536,0.11213864,-0.573397,0.27496946,0.72508645,-0.17603439,-0.7292334,-0.60119516,2.0824237,0.3230728,-0.6782784,-1.3208765,-0.85256463,0.87531847,0.5154427,-0.9555164,-0.7403796,-0.52361524,-1.287192,0.61388254,0.66429526,0.95742553,1.3564992,-0.9333708,-0.69384253,-1.280524,0.695834,2.4733565,1.4718046,0.82328904,-0.46105835,0.18527782,0.77060974,1.0072945,1.0473948,0.28714174,-0.233464,1.352007,-0.28718457,0.3916792,-1.6095244,-0.007852484,0.16855626,0.3073379,-0.7204759,-0.72980666,-1.1386547,-1.0817586,-0.7559714,-0.64578706,-0.89574254,-1.550568,0.6358541,-0.44452685,0.9915641,-0.41131404,1.4200237,-0.55949485,0.7502374,-0.62673897,0.9568809,-0.7279225,0.27944967,0.47313687,0.05506385,0.35830384,0.22089633,0.11639796,0.16856726,1.5863745,0.6678219,0.21390507,0.36897945,0.056785412,-0.018612387,-0.052813463,rodolfo
107,0.2520892,-0.7501888,0.62233496,-1.8937503,-1.0364124,1.436455,-0.0029313117,-0.5316262,-0.41755694,-0.2490219,1.226994,-0.15982188,0.08026843,0.55810773,-0.98017,0.7287882,-0.71748424,0.4590279,0.913447,-0.3949787,0.15973964,-0.22211742,0.34385264,-0.56622267,1.3600166,0.18366122,-0.22639662,0.83473396,-0.06152053,0.26810792,-0.2917435,1.6172215,0.83368415,0.3206692,-0.18745749,0.96278226,-0.82866603,0.78573334,1.6267886,0.52862036,0.8509333,0.1434518,-0.22923401,-0.17562485,1.104732,-1.1101347,-1.2111553,-0.3149601,0.15511954,-0.3224051,-0.697456,-0.4769585,-0.961043,0.19993678,-0.34562472,1.048545,-0.11526923,-0.13190608,-0.43792215,-0.23113266,1.1018711,-0.36907923,0.20698692,-1.2263454,-0.72576493,0.14487989,-0.026605792,-0.16910858,-0.014617793,-0.060654495,-0.8422847,0.93262446,0.20085752,0.017671138,0.91371804,-1.2063422,-0.63121164,-0.36001724,0.49120843,1.7498008,0.7942449,-0.36719134,-0.16802672,0.58797187,0.20630151,1.0388976,0.75518566,0.22050779,0.5995134,0.5187161,0.41360307,0.2459741,-0.0985647,-0.08301042,0.4569697,1.1024336,-1.2308536,-1.1988819,-1.4314449,-0.704278,-0.38030636,-0.48037383,-0.2039035,-1.3157905,-0.029743645,-0.62030226,-0.15858774,-0.42045337,0.2616678,0.13727863,1.177459,-0.66951644,-0.2819913,0.24291018,0.74478304,0.29647538,0.73384047,0.31155133,-0.18404984,-0.30016872,-0.5369012,1.3723788,1.7885752,0.526866,0.223646,-0.013167635,-0.17858183,0.14620031,rodolfo
108,-0.20093244,-0.6870135,0.25528625,-0.9012882,-0.9122271,0.9882164,-0.36815858,-0.03082471,-0.35539207,0.34025198,-0.4706624,0.66653085,1.1274089,-0.42298728,0.054442413,-0.73647517,0.11034087,0.5147694,0.44472373,0.4557194,0.11130746,0.56521106,0.5451534,0.33014885,0.7096592,0.023460515,-0.186057,0.36066723,0.096455485,-0.659653,0.03619086,0.4337447,0.14369589,0.21042535,0.056764133,0.10241051,-0.93926334,-0.22842354,-0.37112212,-0.27814025,-0.04122856,0.52030146,0.07256564,0.35698354,0.63126266,-0.50948197,0.1694454,-1.0568435,-0.14456497,-0.28933832,-1.4369003,-0.52690405,-0.49971935,-0.6519282,-0.07535848,-0.26962483,0.6327726,0.035201598,-0.5874813,-1.309661,0.84664345,0.07030752,-0.2997585,-0.04949064,-0.43761137,0.12066454,0.5025262,-0.20502463,-0.014252173,-0.6060703,-0.3969443,0.38872328,0.26290712,-0.41910273,1.3238996,-0.7038675,-0.9899306,-0.7586148,0.50414634,0.9093795,0.8911578,0.14047328,-0.9316128,0.07958278,0.43690142,0.8096218,0.21189696,0.41821802,-0.4619957,0.86844164,0.21664453,-0.10215046,-1.113714,0.015981745,0.9318104,0.4717248,-0.71211416,0.15661757,0.07210168,-0.5771106,0.46890956,-0.23274562,-0.20646435,-0.3701468,-0.04689819,-0.14543268,-0.30927145,-0.38158527,0.5488265,-1.0966972,-0.12373,0.10204539,-0.07946403,0.84053916,0.08702506,0.31477913,-0.5256057,-0.566932,0.8681383,0.85450983,0.08659041,0.29278207,-0.42001104,-0.027950246,0.64652956,-0.70727515,0.74033827,0.080429405,rodolfo
109,-0.36023822,-0.79884243,0.014539417,-0.2081619,-0.9397791,0.76079756,-0.81943005,-0.17307906,-0.31864393,0.489588,-0.5406964,0.57080877,1.0537755,-0.060548566,-0.24906266,-0.69989777,0.2321362,0.19483559,0.39383894,0.56482536,0.013489485,0.19534999,0.3531375,0.59817773,0.71778923,-0.3690612,-0.16092582,0.74033946,-0.11538491,-0.91319215,-0.098916665,0.57680935,0.03531681,0.20976388,-0.21213493,0.6259535,-0.99808055,-0.37036097,-0.049692944,0.0042207465,0.30123678,0.5162139,0.18393415,0.5399741,0.6408248,-0.4296159,0.33861452,-0.72103035,-0.40759075,-0.220186,-1.5730354,-0.42384386,-0.7456004,-0.24922144,-0.28673357,0.22084521,0.6376597,-0.109115615,-0.43809536,-0.9548601,0.6583039,-0.14693633,-0.2939368,-0.5388622,-0.3311312,0.22239093,0.5934122,-0.16601463,-0.28300464,-0.58362377,-0.54254115,0.5092646,0.34802678,0.069044426,1.1185595,-0.7202896,-0.50934327,-0.8013456,0.35708544,1.0583787,1.0504979,-0.30390906,-0.3792872,0.38006964,0.37681285,0.78103733,0.3021094,0.32489407,-0.26728696,0.9058067,0.44867462,-0.27759498,-0.9770306,0.014537836,0.63116133,0.52902746,-0.7160264,-0.012119411,-0.41436756,-0.31787208,0.027435169,-0.101391226,-0.36233807,-0.66513795,0.015860833,-0.67033374,-0.19555455,-0.26091275,0.6378286,-0.94102705,0.24576439,0.07695854,0.028396647,0.8977184,-0.04040256,0.02311524,-0.238781,-0.23006436,0.71583366,0.58019245,0.021643441,0.08013156,-0.19359368,-0.025693849,0.77497464,-0.6120415,0.9953534,0.2195612,rodolfo
110,0.09510329,-0.74328864,0.21775848,-0.8436733,-0.067697145,0.58360296,-0.31450465,0.06381879,0.023199685,0.5483624,-0.5209408,0.54324347,1.3030924,-0.3179877,-0.20014265,-0.48305333,0.25508118,0.4762277,0.7325253,0.12153213,0.24949375,0.5196359,0.0009471439,0.9557166,0.5984435,-0.5775221,-0.26536942,0.12003407,0.29233658,-0.69121194,0.18091878,0.3370738,0.46834296,-0.0050505176,0.016608082,-0.009864345,-0.5761474,-0.39797312,-0.32205683,-0.052189246,0.19356091,0.38502884,0.5519235,0.7730794,0.45876077,-0.31732094,-0.14151528,-0.6892544,-0.07110328,-0.4815589,-1.6070176,-0.15270872,-1.2283297,-0.6078028,-0.24635184,0.13679875,0.5194787,-0.23832695,-0.4925691,-0.9820715,0.5335094,0.100752175,-0.51442426,-0.13495341,-0.6671939,0.7956606,0.4873107,-0.14528172,0.058961518,-0.82448995,-0.10126954,0.2618022,0.21551438,0.123864874,1.111279,-0.90271986,-0.600367,-0.91193676,0.01458329,0.89801806,0.6936749,0.13173945,-0.6905723,0.08757384,0.62648755,0.3725063,0.017257674,-0.08604397,-0.36643463,1.0505477,-0.07520502,0.34141797,-0.90620595,0.073917225,0.5775013,0.321182,-0.7717858,0.0091805495,-0.63530505,-0.44533727,0.0437975,-0.3156313,-0.23379341,-0.8584656,-0.44753745,-0.13850112,-0.15882379,-0.75002253,0.3388159,-0.78943986,0.03066316,0.19204204,0.19772837,0.36556745,0.032441117,0.29386222,0.1167243,-0.5448041,0.39635175,0.74980885,0.031012904,0.38745186,-0.03191164,0.013526037,0.5952402,-0.42885655,0.6485915,-0.044190798,rodolfo
111,0.077322185,-0.491156,-0.13341519,-0.51445746,-0.17333661,0.05718109,-0.5749897,-0.22716111,-0.026028529,0.306296,-0.30249557,0.16579205,0.65594697,-0.60034776,-0.29840353,-0.11133629,0.40853792,0.3665012,0.28724286,-0.28095052,0.23690012,0.39910573,-0.1884656,0.34550434,0.5131209,-0.742733,0.043141972,0.27166867,0.045351475,-0.35004884,-0.206471,0.39598167,0.2884365,0.09553497,0.38327208,0.3087203,-0.15525837,-0.17889404,0.12986788,0.27424368,0.14573467,0.6693074,0.38263303,0.42129457,0.27660617,-0.54308456,-0.30981675,-0.18879578,0.2977336,-0.07460555,-1.2933931,-0.25733706,-0.55136746,0.15059814,-0.073315606,0.24740484,0.40141508,-0.33819172,-0.6712416,-0.99644893,-0.1399608,-0.36146522,-0.2818886,-0.027719017,-0.27005786,1.0034585,0.36197594,0.010180318,-0.15447137,-0.72114384,-0.10361824,0.3195383,-0.086824775,-0.34782445,0.9205924,-0.9597052,-0.56121445,-0.35596928,-0.06246171,0.42858523,0.4811401,-0.101256564,-0.1963217,0.35713324,0.48242906,0.6842392,-0.19829209,-0.0825628,-0.5861614,1.0304133,0.40340516,0.43232724,-0.5349298,0.07423728,0.24785505,0.58085585,-0.68790215,-0.5336382,-0.561455,-0.076890446,-0.12814659,0.1781548,-0.09687352,-0.74956566,-0.24355772,-0.18505943,-0.6075229,-0.3512731,-0.12970906,-0.669526,0.38984898,-0.17723851,0.044010278,0.67197543,-0.064932615,0.10185404,0.011578556,-0.18938762,0.4269884,0.455476,-0.09647025,-0.2983783,0.34576106,-0.50944746,0.25477338,-0.26713485,0.59186244,-0.042691156,rodolfo
112,-0.08010623,-0.68911135,-0.28000534,-0.2853914,-0.12541585,-0.15215738,-0.52131575,-0.026941746,0.16104183,0.16024779,-0.21937937,0.06499878,1.0626528,-0.027641516,-0.3740986,-0.14032552,0.19587442,0.07534352,0.60424083,-0.3726741,-0.18953547,0.07696651,-0.14725286,0.72956276,0.8053665,-0.5680094,0.3350415,0.25003147,0.07246229,-0.48134604,-0.4203501,0.2687138,0.46301323,0.12810192,0.022691881,0.46272966,0.027212638,-0.24162328,0.1084896,0.24646652,0.46231282,0.7032198,0.39974833,0.55352527,0.23443307,-0.32217732,-0.47761828,-0.35635006,0.3005522,-0.30463555,-1.3272042,-0.05389246,-0.85604584,-0.04915986,-0.4854336,0.6247992,0.7313976,-0.42107025,-0.48302454,-0.56965643,0.05712039,0.19735064,-0.26203737,-0.18748271,-0.55698544,0.97184056,0.2744401,-0.181869,-0.00946166,-0.68762183,0.2110586,0.4035032,-0.1415337,-0.065233015,0.9483726,-0.9574248,-0.27461237,-0.3666175,0.002677612,0.36555248,0.5571709,-0.112154424,-0.18311214,0.13034226,0.7111872,0.49371955,-0.14350685,0.12539066,-0.38119692,1.0002116,0.3371181,0.3796046,-0.25487155,0.25542286,-0.07570645,0.860947,-0.62094647,-0.3716208,-1.0679679,0.004695965,-0.15741901,0.013301693,0.36852965,-1.1638236,-0.058472004,-0.23911269,-0.4690576,-0.47797498,-0.28892183,-0.48488215,0.57299364,-0.060243562,0.019101977,0.3875724,-0.044177152,0.082113445,0.14279279,-0.048101053,0.41113657,0.5221062,0.00078258663,-0.17855003,0.3483684,-0.23377985,0.48042113,-0.21464662,0.7078854,-0.003004169,rodolfo
113,0.066871256,-0.50087786,0.049286194,-0.43836743,-0.4184115,0.14587468,-0.4158632,-0.17545184,0.014576644,0.2895627,-0.29254997,0.20955501,0.7819824,-0.33931765,-0.38579294,-0.1778454,0.17515075,0.46954942,0.26729515,-0.3388507,-0.13523097,0.27037197,-0.12753966,0.5688846,0.52440417,-0.51641726,-0.07265934,0.38796875,0.017464612,-0.33692545,-0.22438559,0.5245163,0.42425382,0.07266327,0.21085165,0.2695041,-0.29252422,-0.12637869,0.17578447,0.2118412,0.30837765,0.68613976,0.5744374,0.585005,0.46587357,-0.24561088,-0.118686855,-0.44833547,-0.001024738,-0.075789325,-1.141742,-0.31773132,-0.678619,-0.08342311,-0.15902723,0.5446044,0.31231534,-0.35051492,-0.38678896,-0.78084815,0.25897136,-0.10889582,-0.26114914,-0.21637617,-0.26656836,0.9121315,0.106360115,0.058298204,0.07233914,-0.71091115,-0.22315349,0.32455397,0.029724387,-0.344813,0.9184914,-0.9054078,-0.6860459,-0.62747157,0.12493483,0.5053266,0.92985487,-0.2884452,-0.31513155,0.48151246,0.45864886,0.39554226,0.07200037,0.09806304,-0.45790243,0.95166695,0.19588119,0.3287736,-0.54592454,0.04444317,0.19127402,0.6262127,-0.63903224,-0.55450827,-0.8131361,-0.1493642,-0.20872545,0.050002262,-0.18040547,-0.89654565,-0.32723847,-0.30605018,-0.6519067,-0.47197154,-0.16383453,-0.5004949,0.62062925,-0.062278643,-0.07003999,0.6908506,-0.15098614,0.19417518,-0.07716879,-0.2938504,0.39273056,0.44532883,-0.13736239,-0.20425692,0.42163652,-0.16422066,0.28422323,-0.36212975,0.69771725,-0.06870322,rodolfo
114,0.01946383,-0.7317761,0.4528807,-0.8885533,-0.28532228,0.7112492,-0.42229542,0.1374901,-0.07510309,0.61221814,-0.4455138,0.45772445,0.95063204,-0.49869958,-0.15043691,-0.7068522,0.26487,0.26746255,0.28967512,0.12640594,0.44488433,0.32442027,0.1276772,1.0026127,0.5362405,-0.4195059,-0.35297525,0.110834345,0.32605618,-0.4531151,0.53443974,0.3433679,0.49898252,-0.04393071,0.03133852,-0.17794749,-0.46514344,-0.43703038,0.08086137,-0.15579781,0.047074776,0.3939381,0.6084435,0.58751315,0.37693763,0.12597597,0.19747214,-0.905983,-0.56155616,-0.19053483,-1.3331907,-0.08698453,-0.7819117,-0.9218526,-0.08479375,0.26034474,0.6152399,-0.30345073,-0.009816106,-0.90210897,0.9092295,-0.2109859,-0.38286918,-0.065509975,-0.47710916,0.43265313,0.23351157,-0.24306755,-0.24843433,-0.85437465,-0.27760172,-0.12736462,0.24679698,-0.43951565,1.477574,-0.660828,-0.66461086,-0.70334935,-0.08416311,0.89259064,0.7480723,0.19240193,-0.58149946,0.15055187,0.38753587,0.5427659,-0.0411691,0.11045298,-0.55912435,0.89400005,-0.278175,0.11509248,-1.2112296,-0.07328253,1.0744598,0.20767869,-0.73826337,-0.30819583,-0.5744156,-0.5187807,0.012085751,-0.36601236,-0.35931835,-0.54509467,-0.6356523,-0.27483538,-0.22466366,-0.4329966,0.5968326,-0.6958694,-0.009124957,-0.11062676,0.25545684,0.44337526,0.020765092,0.16392916,-0.02977357,-0.5521981,0.34062636,0.51300883,0.22837411,-0.109344065,-0.043956652,-0.13225631,0.32893467,-0.7088479,0.62595224,0.015665118,rodolfo
115,0.033657096,-0.4602482,-0.095080264,-0.5611883,-0.20699327,0.51957107,-0.4837809,-0.12095347,0.15966722,0.38543087,-0.29786128,0.20511551,0.7471405,-0.6273308,-0.02010633,-0.29348558,0.37959525,0.4083177,0.40013936,-0.05742532,0.40821424,0.115732804,-0.20342821,0.5127794,0.67516965,-0.645045,0.09690353,0.15838194,-0.027640983,-0.27079472,-0.021702774,0.4753652,0.30700144,0.08404725,0.3353363,0.0018368438,-0.2305242,-0.35066566,0.15508923,0.2441474,0.24469692,0.65412664,0.5892342,0.5336095,0.37366632,-0.39422292,-0.16084446,-0.3892838,0.32238805,-0.15048514,-1.2151936,-0.15217943,-0.5917636,-0.13030228,-0.053687986,0.217269,0.5027517,-0.38456804,-0.5506641,-0.9166082,0.21069986,-0.13393554,-0.16674228,-0.047077533,-0.25824383,0.7674933,0.23132294,-0.056624983,-0.07996794,-0.8861387,-0.07311598,0.101521775,-0.031295158,-0.34640723,0.9518413,-0.9638774,-0.5062362,-0.49253696,-0.1719352,0.64494956,0.53952605,-0.054967925,-0.14624311,0.3388526,0.5460371,0.6321318,0.014044652,-0.04549817,-0.7493013,0.9748728,0.086142,0.36485726,-0.6863261,0.18074402,0.3325446,0.57884115,-0.7174891,-0.51178086,-0.8068601,0.025609529,-0.13607663,0.009112313,-0.09953964,-0.6415773,-0.48646063,-0.3298205,-0.7332298,-0.326706,-0.020465098,-0.6057892,0.26070884,-0.31999922,0.0943349,0.45694518,-0.14460176,0.1278178,-0.028003858,-0.12352052,0.5820657,0.41903165,0.07809864,-0.25548616,0.39823157,-0.28025943,0.17273611,-0.42106447,0.55741173,0.093175516,rodolfo
116,-0.06819183,-0.5883051,-0.22590384,-0.41242033,-0.098719,0.00037865713,-0.5061329,-0.07999143,0.28657082,0.31661317,-0.38714746,0.15448284,0.8569689,-0.39596537,-0.25289953,-0.4698723,0.113506906,0.32904798,0.34874132,-0.20244738,0.0867265,0.02792989,-0.25482896,0.8045721,0.78759533,-0.6075853,0.33824146,0.1493682,-0.0005726293,-0.4049477,-0.25454202,0.54680014,0.36522576,0.09398527,0.043458134,0.13716951,-0.0850621,-0.49564052,0.16350879,0.12469998,0.41531006,0.67790604,0.5732219,0.6701511,0.32983756,-0.3250918,-0.2800279,-0.45223793,0.05198081,-0.26985002,-1.2999247,0.039275132,-0.8053771,-0.12222635,-0.29563957,0.38509285,0.7337534,-0.5272918,-0.52200127,-0.7434502,0.3488604,0.062440872,-0.31335163,-0.06778221,-0.28286707,1.1107075,0.2518539,-0.07152162,-0.06623147,-0.93084025,-0.027419072,0.10646778,0.015543135,-0.22224098,1.072363,-1.0156931,-0.4217051,-0.5663413,-0.07259823,0.4266011,0.69611347,0.12418946,-0.16924644,0.3702513,0.5573663,0.6018416,-0.09620426,0.111949,-0.57466555,1.1606032,0.079090044,0.34541264,-0.54477787,0.18127948,0.14272365,0.7728539,-0.6565111,-0.5150689,-1.0379076,0.0033137593,-0.2882651,-0.10892167,0.06528811,-0.99173003,-0.31367072,-0.36028284,-0.6611043,-0.31199035,-0.011408586,-0.493799,0.37449157,-0.27487153,0.15130338,0.37876177,-0.0948149,0.20764446,-0.1495546,-0.094656706,0.61626375,0.52705854,0.028281335,-0.26499283,0.32083935,-0.22624847,0.3928333,-0.40107092,0.769186,-0.011974741,rodolfo
117,-0.06468646,-0.5659063,-0.051949106,-0.63695693,0.1513463,0.3046914,-0.3092641,-0.24518439,0.057205573,0.22660816,-0.026475672,0.005530564,0.74039376,-0.560817,-0.112804756,0.14219819,0.38364208,0.28617525,0.42675704,-0.2237628,0.24786416,0.18588358,-0.2081334,0.41557422,0.48187047,-0.49104583,0.2953575,0.15065697,-0.13329735,-0.24865867,-0.14126071,0.49880204,0.2325061,0.008115351,0.23416479,0.10819645,-0.11421652,-0.050397925,0.17162248,0.34656614,0.3840103,0.36988145,0.59535927,0.491831,0.14386164,-0.610707,-0.22269587,-0.18793206,0.5082561,0.030503374,-1.1562651,-0.020890411,-0.3861838,0.08943864,-0.11003305,0.09519512,0.24531259,-0.32326362,-0.59409493,-0.87714505,-0.21549991,-0.23049241,-0.30342737,0.18937111,-0.34266588,0.72829807,0.24074957,-0.013475713,0.010473229,-0.5833039,-0.21396773,0.14104226,0.08657086,-0.3402324,0.48103476,-0.860313,-0.43316692,-0.4332279,-0.25114343,0.33307457,0.18054935,-0.14936209,-0.17242004,0.46549007,0.66364175,0.5819567,0.16779718,-0.16504157,-0.6424053,0.97567517,0.34541178,0.35154495,-0.3569951,-0.020376366,0.33092138,0.50700974,-0.5487695,-0.52425283,-0.9316234,-0.14284568,0.01756743,0.1678088,0.008616984,-0.725313,-0.38738847,-0.14937773,-0.5727055,-0.38324946,-0.101234585,-0.54855937,0.3422633,-0.106735334,0.2660169,0.521537,-0.09820006,-0.016186267,-0.018530669,-0.053662345,0.37788382,0.3164528,-0.06526564,-0.17037107,0.5351962,-0.17598985,0.22181265,-0.4841897,0.7100069,0.24242638,rodolfo
118,-0.27110466,-0.6937885,-0.18235767,-0.27002653,-0.15700518,0.15321586,-0.3189068,0.5733321,-0.21197364,0.4984689,0.08391032,0.3848751,1.4695325,-0.6228975,0.046558175,-0.8384679,0.07774701,0.5403488,0.33261278,0.519903,-0.1529203,0.5496536,-0.27770567,0.47249466,0.55526865,-0.9806028,-0.683606,0.7013555,-0.31390244,-0.52813107,-0.1809866,0.6297775,0.14434895,0.009587124,-0.0122747775,0.3736247,-0.32070383,-1.0371852,-0.3898589,-0.47767958,0.43537116,1.0081828,-0.1422387,0.9623233,0.6009045,-0.20569886,0.3170396,-0.38370603,-0.45022434,0.052610807,-1.6307148,0.19264069,-1.5364072,-0.08625623,-0.36348075,-0.049544074,0.49501726,-0.32218805,-0.47403592,-0.7570425,1.3520542,0.1551101,-0.23888467,-0.2503686,0.34103465,0.62558883,0.11532784,-0.15859374,-0.14196458,-1.3873757,-0.5543737,0.2463009,0.070913315,0.3471645,1.2678071,-0.6803544,-0.71807516,-0.6973709,0.5237212,1.4968467,0.80673534,0.19419818,-1.0320425,0.12046793,0.54802644,-0.11825018,-0.06714087,0.3193903,-0.3792272,1.2187353,-0.20703113,0.87825817,-1.2121074,0.42862844,0.40977162,0.5968493,-0.49682114,-0.13496831,-0.85346025,-0.32744536,0.13588497,-0.42179698,-0.82804525,-1.176347,-0.07341551,0.015122287,-0.007758499,-0.7679398,0.79887086,-0.8680752,-0.0035646558,-0.24507906,0.41013515,0.25212413,0.1393934,0.4475287,-0.079227254,-0.965793,0.7592776,1.4364693,-0.5857608,0.29754484,-0.47311658,0.10752712,0.6275423,-0.31529915,0.45912933,-0.26827615,rodolfo
119,0.0079459995,-0.49584356,-0.15773919,-0.29545665,-0.06295185,0.0065300167,-0.43672135,-0.30842522,0.18231684,0.09550975,-0.12434871,-0.05424165,0.7489428,-0.3727061,-0.57281387,0.098691,0.23251212,0.085608736,0.56634736,-0.49204794,-0.20024961,0.27111405,-0.271928,0.5439968,0.49531072,-0.4378842,0.2467165,0.41657278,-0.1807339,-0.22828874,-0.41333205,0.26456544,0.34803784,-0.07405083,0.17117755,0.4287456,-0.0026889294,0.03846598,0.36661762,0.43148148,0.43094644,0.5598648,0.41312486,0.48634338,0.16478543,-0.43794757,-0.40628582,-0.024672437,0.3244658,0.15063158,-0.93996185,-0.099142924,-0.4359046,0.0863711,-0.24612933,0.6986029,0.39055285,-0.5449177,-0.60254246,-0.56028605,-0.24746689,-0.3042141,-0.19703834,-0.18604125,-0.41944718,0.9012725,0.027577423,0.013205763,-0.13507958,-0.5662235,-0.014753905,0.32582492,-0.005318109,-0.4045648,0.63625103,-0.8662718,-0.44982716,-0.16334672,-0.07967872,0.29384112,0.34536508,-0.3293613,0.0779043,0.43704075,0.57649666,0.5328249,0.16227418,0.10685815,-0.34803584,0.9069047,0.49623176,0.33381772,-0.099560335,0.13049996,0.19248457,0.5668752,-0.5415123,-0.6219699,-1.1626925,-0.0872641,0.14033124,0.29405087,0.26014724,-1.0251067,-0.31047276,-0.42262912,-0.5750183,-0.39252096,-0.32819876,-0.60223997,0.7445821,-0.19741403,0.028201997,0.7609841,-0.14048003,-0.056027688,0.15534785,0.19342205,0.39391416,0.36165595,-0.169899,-0.27657384,0.597072,-0.23917578,0.29412317,-0.29723135,0.68158996,0.17565592,rodolfo
120,-0.071730494,-0.45690158,-0.10665549,-0.5925681,-0.105337664,0.27804738,-0.3955543,-0.17423388,0.048473723,0.084648564,-0.111692056,0.1814558,0.47257626,-0.48621842,-0.0412153,0.08431214,0.3516283,0.21235044,0.40403706,-0.28491402,0.12209174,0.058796134,-0.33664533,0.31855047,0.40646428,-0.46063942,0.15222554,0.38713837,-0.077809155,-0.119254366,-0.11109953,0.49117714,0.32777283,0.11289965,0.16401935,0.011249196,0.015221704,-0.07562288,0.2801937,0.27011603,0.269821,0.5440713,0.34000266,0.34129643,0.11771687,-0.454638,-0.20295425,-0.28573593,0.34834814,0.117090486,-0.96943074,-0.06441538,-0.16842064,-0.08087508,0.0890208,0.37555045,0.3961546,-0.19836996,-0.3727879,-0.81091756,-0.1907193,-0.19993468,-0.18922827,0.13920248,-0.3083836,0.8077464,0.28804636,-0.049825158,-0.08724525,-0.6747216,-0.023346867,-0.012149617,0.026605606,-0.470715,0.56388044,-0.6551354,-0.57156515,-0.27283973,-0.25036612,0.3381312,0.18231645,-0.23421982,-0.14894125,0.28667268,0.5017504,0.55040836,0.036081962,0.13278806,-0.53531843,0.8943879,0.26581383,0.118494,-0.48960736,0.01176063,0.39738858,0.4401801,-0.5690752,-0.67285436,-0.837623,0.037422784,-0.04005307,0.17783791,-0.028054506,-0.67087656,-0.3308102,-0.19522208,-0.5578673,-0.36231434,-0.11234124,-0.35378698,0.32024294,-0.09614003,0.02986285,0.5205704,-0.14959067,-0.04986784,-0.04478015,-0.07796523,0.41765252,0.17384678,-0.044768088,-0.20243406,0.5724068,-0.33858874,0.2546041,-0.3877011,0.68707824,0.16618162,rodolfo
121,-0.07917711,-0.54970896,0.072406836,-0.65443474,-0.16961919,0.40963674,-0.33556515,-0.08655846,-0.108010806,0.43981737,-0.36934862,0.38425592,0.94354755,-0.5023805,0.035596013,-0.28845918,0.46941632,0.1603555,0.4149763,-0.10602943,0.22049433,0.06157908,-0.08678284,0.5493461,0.383795,-0.6489614,0.12639652,0.15800412,0.019990973,-0.32781586,-0.029816799,0.29089898,0.31300807,-0.053204738,0.223435,0.029219363,-0.114592776,-0.34045482,0.13104232,0.072915085,0.24309714,0.61288404,0.5009129,0.59078693,0.3852722,-0.3437588,-0.15103172,-0.46715793,0.18373515,-0.110718474,-1.338424,-0.02079789,-0.5676629,-0.28309876,-0.20029724,0.21510173,0.4775498,-0.20964378,-0.42356676,-1.0691077,0.041979663,-0.010583054,-0.32273632,0.051748715,-0.5287265,0.80607176,0.30072433,-0.21614337,-0.08684551,-0.79526424,-0.070614964,0.11507985,0.20809673,-0.41638994,0.9969381,-0.82979816,-0.66943836,-0.5396704,-0.113175616,0.43375438,0.46613467,0.016667297,-0.46181378,0.093558185,0.5828012,0.5771876,0.006794519,0.09002411,-0.68972015,1.1023287,0.035571016,0.42700788,-0.626168,0.122772135,0.45309368,0.62450105,-0.5432022,-0.46439266,-0.81075656,-0.027522612,-0.01861201,0.076591365,-0.05200149,-0.7682025,-0.34017265,-0.2239834,-0.46145275,-0.39685437,0.117887095,-0.5243125,0.09689382,0.030633062,0.1993405,0.40356186,-0.20408341,0.17543821,-0.12435737,-0.20065999,0.45465648,0.3478089,-0.04154989,-0.33479735,0.37885946,-0.24301656,0.36912638,-0.49844038,0.8080448,0.055624064,rodolfo
122,-0.5947931,-0.34634885,-0.23033932,-0.53846735,-0.63498634,0.9602945,-0.6292507,-0.20662414,-0.35496178,0.25600293,-0.5015605,0.7422715,0.96015555,-0.36092794,0.33224764,-0.880927,0.096149385,0.74627984,0.35976875,0.2628356,-0.014686897,0.02031019,0.23195052,0.32733312,0.7038863,-0.30688712,-0.2566424,0.29722548,-0.24555166,-0.6796666,-0.08199774,0.45701033,0.11341156,0.31182066,0.17089444,0.3646605,-0.86828434,-0.4529119,0.050381266,-0.73665154,0.30939952,0.83034736,0.13982834,0.6344744,0.89917976,-0.6210347,0.19416563,-0.83479106,-0.18209103,-0.20975833,-1.4956044,-0.067796886,-0.53553057,-0.42243084,0.0017130319,0.21457317,0.49018192,-0.5420785,-0.18496874,-1.0784966,1.1095688,0.3765152,-0.21687287,-0.117585704,-0.15911973,0.46180767,0.17768683,-0.33137846,-0.10654966,-0.58949804,-0.25401014,0.23345956,-0.022953946,-0.24112116,1.4184909,-0.77099764,-0.973699,-0.8346257,0.41444427,0.8030895,1.2552747,0.1335187,-1.0982382,0.6777584,0.88181335,0.79351753,0.3515529,0.45192814,-0.8859085,0.7659557,-0.036652766,0.32313532,-0.99660474,0.13755998,0.35740918,0.8052826,-0.6405771,-0.30318838,-0.49967247,-0.11430088,-0.30988175,-0.3334764,-0.42410523,-0.673519,0.084324904,-0.4108246,-0.59155333,-0.2566856,0.4000968,-0.67103976,-0.11880405,0.03480813,-0.17205743,0.7889611,-0.25214565,0.47462305,-0.65863276,-0.3835979,0.67445695,1.0111266,0.07587062,-0.07718001,0.28791112,0.085773446,0.6463675,-0.82751805,1.1115505,-0.06372787,rodolfo
123,-0.119805515,-0.38817742,0.22378367,-0.73187506,-0.33737624,0.39884835,-0.46551427,-0.05671977,0.007819891,0.56160605,-0.40036145,0.4760494,0.83363444,-0.5042085,-0.024898514,-0.68759197,0.31136703,0.4928689,0.560181,-0.24372481,0.05778575,0.050339572,-0.3007134,0.6054256,0.26161632,-0.5084438,0.14512157,0.08466138,-0.21181403,-0.39561003,-0.2901577,0.354098,0.18941858,-0.07198339,0.3523455,0.31959733,-0.10616438,-0.37669754,0.3955519,-0.0946023,0.2391534,0.60404235,0.55375755,0.55592424,0.28020692,-0.26243585,-0.26057363,-0.714416,-0.052605778,-0.4633815,-1.1474675,-0.1196658,-0.49903974,-0.1751591,-0.16778289,0.27403533,0.48522002,-0.609758,-0.29549512,-1.0071561,0.42941833,0.15092039,-0.26726106,-0.10126157,-0.021468092,0.8215309,0.28024605,-0.32631513,-0.35461557,-0.40374774,0.047632355,0.29772416,0.36650524,-0.41203296,1.2884578,-0.82409316,-0.7031487,-0.51864374,0.13472128,0.57702476,0.9322308,0.059347235,-0.71680146,0.25355646,0.30871403,0.6067358,-0.07603311,0.09188458,-0.69588673,1.0876533,0.013014503,0.664858,-1.0005205,0.0033125784,0.25504333,0.6236819,-0.41995114,-0.53451926,-0.48403266,-0.05328477,-0.14344428,-0.11214903,-0.21757862,-0.82148916,-0.09976706,-0.16857287,-0.6528186,-0.5077921,0.36626446,-0.56662595,0.32623005,-0.3843342,-0.046687998,0.6563411,-0.17359224,0.23718801,-0.4190831,-0.057505697,0.7479965,0.8053656,-0.41450065,-0.530841,0.25554472,-0.13056238,0.3150388,-0.1594699,1.1550499,-0.26175418,rodolfo
124,-0.00528989,-0.42267773,0.01895982,-0.69635105,-0.10321142,0.1292964,-0.43541494,-0.1423152,-0.17619804,0.2620609,-0.22969079,0.30734694,0.72421324,-0.53765446,-0.052516326,-0.40215433,0.17397189,0.5046389,0.3729721,-0.30703142,0.0017022043,0.21411443,-0.26944593,0.3504424,0.41614875,-0.583429,0.073978476,0.2612946,-0.13357419,-0.30782586,-0.3055442,0.3918664,0.124737225,-0.07119784,0.25131097,0.34729135,-0.07308187,-0.31269258,0.20507023,0.09003182,0.31096238,0.5420222,0.5196521,0.4603722,0.29585597,-0.501864,-0.23040721,-0.44831228,0.1094448,-0.260163,-1.2530533,-0.041727517,-0.33847547,-0.020264674,-0.19999973,0.24159536,0.37498647,-0.36696365,-0.33014336,-0.9471815,0.116458245,-0.16692117,-0.24115859,0.04257825,-0.13475505,0.8481175,0.3317985,-0.18777499,-0.22388873,-0.6025667,-0.08592615,0.28043884,0.07064363,-0.39628762,0.9209777,-0.84214455,-0.6314924,-0.33412072,-0.0015696362,0.41260344,0.6734746,0.05827716,-0.5907218,0.3461136,0.4708096,0.52617586,-0.1625933,0.042267933,-0.5900122,1.0537895,0.22171137,0.46592477,-0.7213189,-0.050746866,0.1562171,0.5674293,-0.53307134,-0.733144,-0.42677793,-0.029974,-0.1702939,-0.0016316548,0.016979672,-0.8595552,-0.2263692,-0.081297316,-0.563666,-0.43020758,0.13606171,-0.5260885,0.3477058,-0.12206848,0.08134966,0.6486751,0.089475006,0.14968003,-0.21783628,-0.063277304,0.57996356,0.7361554,-0.2705577,-0.34572536,0.36536932,-0.23412812,0.24816026,-0.20707795,0.90190494,-0.123565316,rodolfo
125,-0.14930558,-0.3977015,-0.08916217,-0.46364543,-0.40663615,0.51329345,-0.5564343,0.082381725,-0.115331,0.2745251,-0.43745956,0.3005009,0.7198802,-0.27228937,-0.11011279,-0.65585595,0.22738807,0.20927437,0.43861338,-0.034552574,-0.22037451,0.13197705,0.008841734,0.7849677,0.3395343,-0.22495708,0.019771352,0.19611704,-0.20216326,-0.41160554,-0.03788209,0.42649946,0.2501956,0.090970196,0.14302596,0.28533345,-0.22747245,-0.29833338,0.25519902,0.061498605,0.09394421,0.6834384,0.4734631,0.6203299,0.37584937,-0.2718866,0.12009987,-0.61581016,-0.024085525,-0.16619492,-0.851542,-0.16138843,-0.36235315,-0.38824895,-0.17831266,0.420348,0.36788192,-0.46706218,-0.33786002,-0.71703917,0.3812518,-0.028520275,-0.17421474,-0.295048,-0.27841866,0.514027,0.10920969,-0.04935863,-0.08771627,-0.48585397,-0.06124302,0.18958682,0.13077797,-0.46586478,1.0336822,-0.642841,-0.73360157,-0.5026925,0.030012056,0.48181492,0.87651247,-0.046978205,-0.42405528,0.5039719,0.26760653,0.67634404,0.18316624,0.18203892,-0.49183908,0.8015713,0.1294834,0.12393337,-0.9848794,0.022523493,0.37909508,0.6790162,-0.5094679,-0.61286324,-0.5669272,0.038958907,-0.09888232,-0.10502802,-0.16828924,-0.6875218,-0.31486338,-0.6070938,-0.6111523,-0.34152886,0.2232363,-0.6759144,0.24058785,-0.32317048,-0.0344332,0.7532466,-0.13879688,0.12283656,-0.36694652,-0.22832417,0.649872,0.4818265,-0.12783858,-0.49867025,0.08165316,-0.0794906,0.3087461,-0.55155784,0.89662385,-0.1171176,rodolfo
126,-0.07562281,-0.34457737,0.049056955,-0.54827243,-0.49667567,0.3054863,-0.69901896,-0.39586616,0.116684,0.34433612,-0.5178276,0.39010793,0.5869109,-0.16116297,-0.2627308,-0.41191065,0.3541176,0.50750875,0.39743403,-0.6843811,-0.41470832,-0.029128436,0.0038009249,0.7462558,0.43403867,-0.34012055,0.17077363,0.28082925,-0.21488963,-0.012926741,-0.2150288,0.5108631,0.36427885,-0.020961702,0.33103272,0.3821549,-0.30570337,0.015064679,0.51257175,0.10151887,0.17062129,0.39894223,0.63712895,0.9610357,0.8463486,-0.115211606,-0.014220541,-0.9229461,0.005794257,-0.13618603,-0.9104871,-0.37729907,-0.52345794,-0.5696443,-0.089451045,0.86375165,0.4057942,-0.5868997,-0.35436422,-0.6706578,0.26725283,0.005944714,-0.19521955,-0.6494575,-0.31903,0.89261013,-0.08001242,-0.15186314,0.0074734204,-0.6293651,0.06585385,0.4088739,-0.0827795,-0.4562379,1.0483768,-0.8891944,-1.0282171,-0.92801076,0.06195254,0.26970816,1.2821758,-0.08899794,-0.11822477,0.9422299,0.3925817,0.5913013,0.18872792,0.2608437,-0.6348293,0.7274788,-0.0075518712,0.21042712,-0.64882255,0.038229622,0.13424243,0.9255804,-0.6493704,-0.5225764,-0.9392234,-0.035535328,-0.40181154,-0.2065948,-0.14207718,-1.1509919,-0.5264824,-0.7406817,-0.9743155,-0.16583942,-0.0034797117,-0.569241,0.48165014,-0.20291783,-0.16521615,0.76459485,-0.2077877,0.18376288,0.048208304,-0.058836475,0.38597697,0.4272075,0.13297866,-0.48561618,0.6749641,-0.16176169,0.13220988,-0.41388947,0.77551675,-0.4088158,rodolfo
127,-0.14724065,-0.573827,-0.06743159,-0.49923068,-0.36436513,0.38000095,-0.55555826,-0.20367315,-0.08170672,0.18242341,-0.20079458,0.31214225,1.004307,-0.37367788,-0.15137841,-0.14299873,0.12837783,0.34865212,0.3403103,-0.037318826,-0.048853304,0.31003186,0.02190695,0.45589012,0.54044086,-0.5171818,-0.023813497,0.62098306,-0.09672129,-0.4127465,-0.31171334,0.60425735,0.21602818,0.18507591,0.031071225,0.28280634,-0.40442044,-0.11925667,0.003606379,0.19078588,0.35570055,0.5614444,0.3005625,0.48566967,0.34351316,-0.56812197,-0.076372474,-0.49543032,0.24484082,-0.009955,-1.191061,-0.25082886,-0.4432874,-0.11640048,-0.12319121,0.24997719,0.3684374,-0.31994855,-0.67880774,-0.86726797,0.090157755,-0.09085655,-0.37060922,-0.19800147,-0.37203807,0.6373603,0.41269663,-0.072420515,-0.01441507,-0.7665497,-0.2532573,0.3527437,0.08420206,-0.31032902,0.84694594,-0.7714936,-0.7234112,-0.52411026,0.0489211,0.5710493,0.66949826,-0.18995976,-0.3367319,0.41595444,0.5185669,0.7204362,0.118048385,0.27909136,-0.33275843,0.9342873,0.45268524,0.13324688,-0.56881255,0.07404283,0.5299424,0.72394794,-0.6546594,-0.4579732,-0.7193707,-0.24179876,0.12285161,0.011646122,-0.22240031,-0.9284028,-0.2659385,-0.31500667,-0.45347473,-0.45470175,0.15528142,-0.63824916,0.30479178,0.067630135,-0.11536501,0.66527885,-0.027941098,0.068266094,-0.16590182,-0.30782318,0.44004017,0.4506431,-0.13952625,-0.086266354,0.3592527,-0.27873367,0.52354723,-0.42295626,0.78856146,0.14350578,rodolfo
128,-0.14564247,-0.55807,-0.18233219,-0.40354863,-0.47180015,0.32340252,-0.70254076,-0.052407492,-0.039757658,0.39359292,-0.41704425,0.5472605,0.606305,-0.29493964,-0.1527834,-0.44238043,0.03148772,0.06973456,0.36411762,0.34012562,-0.051408455,0.12772688,-0.108583175,0.65882194,0.68916935,-0.42373705,0.067851745,0.76762974,-0.20508946,-0.6274659,-0.2719351,0.64939946,-0.007924468,0.111966975,-0.29481483,0.4680276,-0.5648514,-0.32444546,0.27676594,0.2089472,0.17401251,0.39633223,0.036193036,0.52762073,0.39331955,-0.3287146,0.033215236,-0.4207224,-0.39832258,-0.012075178,-1.3596873,0.00795388,-0.58146864,-0.08868604,-0.1584856,0.27108884,0.44833073,-0.18433921,-0.470672,-0.6259461,0.44281417,-0.24651347,-0.4922454,-0.6175016,-0.103802495,0.6880065,0.40990406,-0.0091752615,-0.3319168,-0.7093637,-0.3341507,0.24842325,0.24316481,0.015946269,0.98357683,-0.62018055,-0.39354977,-0.54677016,0.03873036,0.9884331,0.5285255,-0.2050806,-0.10010669,0.43525964,0.43031794,0.70279825,0.13476837,0.2787497,-0.020808365,0.8980911,0.30649224,-0.31692833,-0.72920805,-0.05169694,0.5723262,0.46893463,-0.73976296,-0.3054418,-0.73089576,-0.16543938,0.038327247,-0.0452304,-0.3197614,-0.89872235,-0.29716435,-0.6362466,-0.11885382,-0.21856514,0.6344854,-0.5066754,0.3846619,-0.13689429,0.07773264,0.4610352,0.09352405,0.15173015,-0.23259813,0.095098935,0.6698132,0.42949167,0.087878816,0.1423907,0.0015151054,-0.23581645,0.5747998,-0.48345172,0.80970395,0.20298383,rodolfo
129,0.19297212,-0.69239414,-0.0014911871,-0.62361693,-0.50276655,0.43569273,-0.76080734,0.05188407,0.43067795,0.5310225,-0.3319244,0.26259005,0.9668885,-0.3579009,-0.18706593,-0.32558495,0.08054719,0.49545228,0.40068763,-0.37259033,-0.1423499,0.35523322,0.52185136,0.81435496,0.5842821,-0.38964832,0.18401158,0.4395739,-0.21090077,-0.21832503,-0.28496516,0.47545722,0.597166,0.14500916,0.22078687,0.41316882,-0.4316799,-0.19096953,0.3008474,0.1656381,0.09079027,0.43348157,0.30089575,0.29837924,0.5313654,-0.08102402,-0.055639744,-1.0325736,-0.15883946,-0.060554788,-1.1577652,-0.45933223,-0.7045646,-0.42834556,-0.043895233,0.6631776,0.83315516,-0.33199534,-0.50719374,-0.8827182,0.6031216,-0.2056481,-0.11500554,-0.38766047,-0.03230459,0.25460687,0.22667006,-0.23142338,-0.41014045,-0.89982843,-0.20495845,0.57789135,0.054176405,-0.40267897,1.456389,-1.0341114,-0.984745,-0.75657684,0.026555374,0.5150529,0.850697,-0.04483047,0.047745842,0.4449517,0.21933833,0.43473896,-0.0014012363,0.4306836,-0.25905484,0.63471794,-0.08208261,0.094010085,-0.9754786,0.18151647,0.6561094,0.5134585,-1.0833805,-0.40537542,-0.83159906,-0.39513516,0.20961036,-0.14832476,-0.4124446,-1.026879,-0.19001749,-0.34775764,-0.74687487,-0.37769496,0.4152248,-0.79831964,0.58617055,-0.1363031,-0.3343426,0.8847696,0.0895675,0.16542375,0.09798397,-0.49879235,0.5731377,0.642819,-0.037971616,-0.20740442,0.20481837,-0.35065058,0.27707785,-0.43642592,0.6647978,-0.21698661,rodolfo
130,-0.38154775,-0.82271314,0.23952192,-0.6161636,-1.1936688,1.1864556,-0.5925673,0.032494396,-0.43990627,0.51092774,-0.47251916,0.78011,1.5412958,-0.31327194,-0.03689608,-0.83301353,0.35759813,0.41541314,0.32442424,0.79420775,0.13526283,0.39044324,0.82377136,0.4117445,0.75830793,-0.20420036,-0.29974023,0.65387183,-0.08380251,-0.7126316,-0.018978283,0.4141132,0.08627653,0.27660236,-0.084005125,0.11745435,-1.191133,-0.21479368,-0.579604,-0.27000055,0.12938431,0.49850774,0.13099466,0.5562627,0.8328821,-0.6019594,0.6667981,-1.0863794,-0.27738953,-0.3139385,-1.7597171,-0.603256,-0.787567,-0.710128,-0.23266312,-0.28156525,0.88170874,0.14093697,-0.58944046,-1.3697014,1.0099499,0.21197917,-0.23126622,-0.14381847,-0.4581639,-0.10331285,0.479079,-0.20849647,-0.073430434,-0.74251974,-0.60731214,0.5003041,0.3735527,-0.030614458,1.3389813,-0.70414466,-0.9128158,-1.0424618,0.69498724,1.0084862,1.1623583,-0.116078794,-0.8736055,0.18203764,0.58068985,0.9062435,0.49930626,0.4351942,-0.63069034,0.9618682,0.2584613,-0.25606525,-1.0301658,0.04851705,1.01614,0.61878073,-0.618552,0.43296686,-0.24616659,-0.68904734,0.4292878,-0.2977129,-0.3549735,-0.37769789,-0.03221998,-0.28614825,-0.33116,-0.42703357,0.72916216,-1.1004846,-0.2051376,0.24968913,-0.00341025,0.9710095,-0.16034372,0.12185493,-0.61581814,-0.76077074,0.9589779,0.7586246,0.14770123,0.3773188,-0.6463762,0.09305097,0.81616366,-0.83424443,0.84151316,0.14791362,rodolfo
131,-0.38154775,-0.82271314,0.23952192,-0.6161636,-1.1936688,1.1864556,-0.5925673,0.032494396,-0.43990627,0.51092774,-0.47251916,0.78011,1.5412958,-0.31327194,-0.03689608,-0.83301353,0.35759813,0.41541314,0.32442424,0.79420775,0.13526283,0.39044324,0.82377136,0.4117445,0.75830793,-0.20420036,-0.29974023,0.65387183,-0.08380251,-0.7126316,-0.018978283,0.4141132,0.08627653,0.27660236,-0.084005125,0.11745435,-1.191133,-0.21479368,-0.579604,-0.27000055,0.12938431,0.49850774,0.13099466,0.5562627,0.8328821,-0.6019594,0.6667981,-1.0863794,-0.27738953,-0.3139385,-1.7597171,-0.603256,-0.787567,-0.710128,-0.23266312,-0.28156525,0.88170874,0.14093697,-0.58944046,-1.3697014,1.0099499,0.21197917,-0.23126622,-0.14381847,-0.4581639,-0.10331285,0.479079,-0.20849647,-0.073430434,-0.74251974,-0.60731214,0.5003041,0.3735527,-0.030614458,1.3389813,-0.70414466,-0.9128158,-1.0424618,0.69498724,1.0084862,1.1623583,-0.116078794,-0.8736055,0.18203764,0.58068985,0.9062435,0.49930626,0.4351942,-0.63069034,0.9618682,0.2584613,-0.25606525,-1.0301658,0.04851705,1.01614,0.61878073,-0.618552,0.43296686,-0.24616659,-0.68904734,0.4292878,-0.2977129,-0.3549735,-0.37769789,-0.03221998,-0.28614825,-0.33116,-0.42703357,0.72916216,-1.1004846,-0.2051376,0.24968913,-0.00341025,0.9710095,-0.16034372,0.12185493,-0.61581814,-0.76077074,0.9589779,0.7586246,0.14770123,0.3773188,-0.6463762,0.09305097,0.81616366,-0.83424443,0.84151316,0.14791362,rodolfo
132,-0.14251384,-0.5769867,0.011596676,-0.6596157,-0.20154102,0.4966794,-0.47375774,-0.041870844,0.0021651387,0.4352053,-0.3871412,0.4800632,0.9558173,-0.4496245,-0.054038733,-0.23010239,0.33095416,0.20296551,0.53721726,-0.0791947,0.2625254,0.094492376,0.06055168,0.69723576,0.40924016,-0.6830389,0.18666594,0.28242385,0.03750168,-0.45885503,-0.13071159,0.30366287,0.38043514,-0.023176972,0.08940395,0.08876698,-0.37763354,-0.28724593,0.22313014,0.018005172,0.24521914,0.35439846,0.40333855,0.4348827,0.32232508,-0.36553887,-0.12085079,-0.64604414,-0.0013836324,-0.16144474,-1.4334437,0.109964475,-0.5253447,-0.24168304,-0.083330035,0.34919298,0.4180694,-0.26507646,-0.29448184,-0.95438004,0.19867027,-0.08299159,-0.34043446,-0.13833779,-0.36911833,0.6900018,0.44049478,-0.17246118,-0.4126413,-0.6506072,-0.17893441,0.23375815,0.3294621,-0.2707175,1.0181305,-0.79211485,-0.6040857,-0.5492212,-0.08574941,0.45237464,0.49261948,0.08850203,-0.3600531,0.14865161,0.5686283,0.6206611,0.0043896995,0.05201651,-0.57769215,0.95257884,0.115880705,0.28041652,-0.7414292,-0.017489806,0.53519094,0.40642613,-0.7216324,-0.39439386,-0.7813489,-0.13986623,-0.05025817,4.07435e-05,-0.08475007,-0.6476493,-0.2434893,-0.24331953,-0.33886975,-0.2791695,0.25918093,-0.50837,0.20699488,0.0576592,0.15760517,0.48188433,-0.18817697,0.058807477,-0.03792885,-0.13917664,0.45156258,0.38136074,0.016479835,-0.11574532,0.36399686,-0.19289559,0.49441165,-0.4551363,0.9128491,0.080317885,rodolfo
133,-0.2796159,-0.6410006,-0.0030641668,-0.638297,-0.72048396,0.74560326,-0.5638965,-0.13409556,-0.14374492,0.6077802,-0.5148336,0.6649705,1.140507,-0.4981677,0.08677223,-0.7239672,0.2972598,0.35202736,0.56429803,0.15561183,0.14630836,0.115264654,0.14666975,0.60933805,0.7005439,-0.40738016,0.09304204,0.41943958,-0.017915353,-0.5704776,-0.20336705,0.61447245,0.18857357,0.015054345,0.030535912,0.44806755,-0.65308017,-0.29470235,0.17772603,-0.19535807,0.40416205,0.7313339,0.2800904,0.5998185,0.75290155,-0.15442295,0.017119836,-1.0238098,-0.25742882,-0.26856688,-1.7118186,-0.18926969,-0.7981933,-0.33401388,-0.23028952,0.18899558,0.5949063,-0.2746568,-0.35013652,-1.2315019,0.82947004,0.08250843,-0.47866753,-0.4595478,-0.28521845,0.60569036,0.4629588,-0.353361,-0.34931722,-0.7713274,-0.22570267,0.48936096,0.3509759,-0.13245423,1.4832796,-0.83966666,-0.81285024,-0.78444123,0.2723436,1.070682,0.9743152,0.19172943,-0.6696252,0.15326034,0.48771644,0.81379163,0.14539376,0.43132597,-0.6367098,1.0916269,0.054628834,0.30867198,-0.9692083,0.17583299,0.55383325,0.6513049,-0.7572272,-0.10605796,-0.67661005,-0.26961222,-0.024237582,-0.30515352,-0.35315952,-0.9148723,-0.15899768,-0.35659748,-0.36207566,-0.20234185,0.73510045,-0.6073261,0.09501934,-0.16460015,0.017457549,0.63785756,-0.1501476,0.34467733,-0.35987335,-0.38180375,0.74619526,0.727216,0.04358271,-0.0082990825,0.12572697,-0.16324192,0.6132984,-0.49345303,1.0948592,-0.088863626,rodolfo
134,-0.07157931,-0.76906574,-0.3863202,-0.19733632,-0.98731726,0.46213046,-0.9009676,0.075260535,-0.16657674,0.376642,-0.85010725,0.6409818,0.9091907,0.12049788,-0.3892455,-0.931866,-0.16584747,0.0926767,0.8850058,0.4739934,-0.46629152,0.19238304,0.56988084,0.95498747,0.9785146,-0.04713352,-0.0576763,1.3288834,-0.09016408,-0.95360583,-0.5348083,0.8369365,0.07264379,0.338016,-0.75722724,0.64714825,-0.9971537,-0.30003217,0.33523464,-0.1053502,0.4468821,0.42714304,-0.4215977,0.31594715,0.8610262,-0.11129521,0.031162169,-1.1008166,-0.9243597,-0.5088295,-1.5806055,-0.23305778,-1.034186,-0.5102864,-0.26006338,0.7682941,1.0896599,-0.02690428,-0.42112967,-0.65571797,1.2083784,-0.09548205,-0.44638976,-0.9498789,-0.4962527,0.3261914,0.7746499,-0.38279375,-0.51764673,-0.8803208,-0.39046606,0.7839173,0.57318676,0.58221096,1.3857942,-0.5812305,-0.6801934,-0.6114006,0.7676956,1.1646703,1.0777676,0.16828069,-0.21283075,-0.044066537,-0.026929162,0.59020394,0.39945707,0.62409043,0.23486006,0.9140635,0.26246282,-0.5424248,-1.2463869,0.12769553,0.90096563,-0.049358517,-0.8778842,0.0077217044,-0.76368874,-0.3761817,0.07437321,-0.33566752,-0.56913537,-0.98088837,0.3090184,-0.92119867,0.25283766,-0.46543548,0.824767,-0.74320835,0.2365682,0.121163696,-0.1517038,0.711533,0.078519784,0.25779074,-0.31161827,-0.14329484,0.9266353,0.83123046,-0.10057661,0.91858006,-0.36261785,0.061334252,0.95628613,-0.33384725,1.0761697,-0.07940333,rodolfo
135,-0.00092341006,-0.7993891,-0.1367861,-0.28022096,-0.44478765,0.33108974,-0.6421841,-0.1704862,0.2761514,0.43026003,-0.17710313,0.14178868,1.1747869,-0.28498816,-0.3056216,-0.050392568,0.18914099,0.27745032,0.40629533,-0.022763714,-0.147736,0.21780999,0.036289282,0.95303094,0.89138144,-0.49677402,0.17625709,0.56756973,-0.12669463,-0.48288557,-0.07629128,0.5744878,0.6037362,0.0032809973,0.033875898,0.40872097,-0.4965301,-0.19666514,0.049215466,0.52664715,0.36896935,0.47325787,0.44541737,0.6165925,0.52438754,-0.4104142,-0.17848784,-0.34788075,0.2000254,-0.037358567,-1.2048235,-0.31168786,-0.92348224,-0.10866544,-0.17040381,0.70335764,0.5844461,-0.307959,-0.70792645,-0.6486866,0.2935835,-0.25175798,-0.18135664,-0.51248586,-0.32520637,0.5029185,0.21232995,0.0014489552,-0.04469266,-0.8848765,-0.27101108,0.46397498,-0.09258753,-0.014647968,0.8417502,-1.2323476,-0.5763757,-0.7996997,-0.14813808,0.79658955,0.7240441,-0.4335567,0.17092094,0.5909377,0.6542578,0.43524614,0.1420054,0.15782374,-0.2473224,0.69616884,0.12820122,-0.118628785,-0.43985763,0.33194122,0.3269559,0.63310224,-0.9270465,-0.23299435,-1.130528,-0.31525946,0.119712144,0.06459704,-0.0836516,-1.074417,-0.5186532,-0.54881525,-0.6144151,-0.43785813,0.077594504,-0.73612016,0.5882012,0.03788749,0.033912648,0.5289389,-0.057681724,0.07111645,0.40428302,-0.33492172,0.3442454,0.47093523,0.20635337,-0.04892893,0.433757,-0.29213333,0.34576005,-0.3516609,0.5481257,0.24658953,rodolfo
136,0.73245656,0.57174814,1.8150331,1.0510978,-1.3275079,2.470218,0.950269,-0.80523556,1.3474765,-0.8825439,-0.50169444,-0.5361915,0.14750613,-1.0994436,-0.26008424,1.3473679,-1.1027987,0.2727599,0.18793204,-0.2801138,-0.5396279,1.0131899,-1.2118016,-0.7267589,-0.04416577,0.24315444,0.86306226,-0.044793278,-1.0377818,-0.91684276,-0.56668293,-0.5187135,-0.5377034,-0.5145158,1.5379174,0.35957178,-1.3036635,-0.5129074,0.3774052,2.03899,1.5549998,-1.0933547,0.3180703,-0.47763607,1.0640572,-0.29766196,0.2107281,0.62368584,-0.3946371,-0.5366224,0.21494213,-0.38797998,1.2594824,1.3786658,1.1021123,-0.4368716,0.4597583,-0.65388423,-0.47989422,-0.18414426,1.1009245,-0.518618,-0.06606578,-0.5484869,0.28493392,-0.6876238,0.83337116,-0.76531154,-2.322661,-0.5839112,-0.34200588,-1.1640097,1.2238375,-1.2337741,1.1425235,0.2291285,-0.71204984,3.3201132,1.1160719,1.0456374,0.989392,-1.2742771,0.38243315,-1.7232934,0.2826617,-1.148801,0.44777617,0.27974874,1.6405988,-0.9747059,-0.53886974,0.15243666,0.34455225,-1.2461956,0.70193285,0.17431259,-1.48097,-0.8138869,0.5885552,1.074133,1.1061673,1.491462,-1.4640654,0.52825356,0.69558203,-0.022162534,-0.58672106,1.6243494,-0.29504812,-0.74789363,0.32545707,0.58657825,0.062191967,-0.8910421,-2.7161505,0.5278374,-0.7151972,1.1594789,-0.24942312,-0.99058324,-0.6992305,-1.555433,1.3978497,0.046291724,2.0826185,0.98181194,0.073037006,0.63629466,rodolfo
137,0.4957,0.39715335,2.8227897,1.3054694,-1.3241273,2.1510508,1.8880073,-0.90382546,0.77870506,-1.1216558,-0.24118,-0.786105,-1.1148696,-0.057082243,-1.550771,1.1468276,-0.7397734,0.15941033,-1.0365059,-0.47254628,0.19700965,-0.39339134,0.1050696,-2.2381015,0.71341634,-1.7853576,0.62331915,0.10364259,-2.0455651,-0.93271285,-0.6706128,-0.44356877,0.0480699,-0.5011141,0.7184006,-0.40772337,-1.5510864,-0.026064493,0.86507636,1.9197676,0.7423871,-0.28698933,-0.20486942,-0.36885765,0.96574867,-0.47085285,-1.0653998,1.889434,-0.68484586,0.5579494,0.35114992,-0.26512864,2.4946306,0.60860723,1.8172798,0.26363364,0.81292295,-0.10065393,-0.2993241,0.23079193,0.91853964,-0.66085684,-0.25920507,0.3414384,0.6770253,-1.3690583,-0.018738322,-0.12462924,-2.0375025,-0.76518595,-2.7546473,0.23784223,0.13759893,-1.7597295,-0.18961017,0.29902813,-0.84300077,2.6288335,1.0911685,0.53818864,0.85035336,-0.61089146,0.7989922,-1.490069,0.44733134,-1.4349408,1.5514457,-0.62643236,0.094855666,-0.18202291,-0.64381707,0.8941587,0.16635716,-0.3601123,0.6303646,-0.5291938,-1.4209778,-1.6704705,0.5956284,1.1642601,0.9488543,1.1943563,-1.9870888,0.48251167,0.6160583,-1.049661,-1.3086092,1.0210677,-1.0643919,-1.4178063,0.7916226,0.40106004,0.5368769,0.024045317,-3.1083796,1.2620375,0.2691197,1.9027048,-0.8255599,-0.20535639,-0.26137733,-1.5560532,0.8285725,0.025461614,0.9391711,0.45716783,-0.84859693,0.5174257,rodolfo
138,1.2080251,-0.5984485,0.07609595,-0.35666442,0.25075355,0.17898947,0.033095438,-1.3337678,-1.9222746,0.8692851,-2.185238,0.3797623,2.303964,1.6523468,3.0208347,0.52555454,-0.09048392,-0.80601203,1.1006947,-1.2116871,-2.25352,-0.3525024,1.5502374,1.2064046,0.7939686,-0.384815,0.21269414,0.3068161,0.9390484,-1.056741,-0.30369562,-3.6083817,0.6604186,0.9760084,1.821892,1.3692493,0.48609924,-0.54160684,-0.43445623,-0.13962841,-0.34211615,0.7908131,1.1515596,-0.16467163,-0.8661107,-2.1069255,-2.0499792,1.3196316,0.8785293,-0.62639713,0.43492067,-0.62506664,-0.591269,0.6237008,0.40189922,0.3152887,-0.99007416,0.3681229,0.30646348,-0.49313542,-0.9825907,0.252456,0.6356616,0.52175426,-2.7484422,1.1725855,-2.1953743,0.027853917,0.4349626,1.8973709,1.4695965,-0.14908399,1.4952471,-1.2019297,0.49339733,0.4103891,0.1672683,0.0455404,0.91379505,-0.6174116,-0.85417855,1.6022899,-0.99822485,0.86786956,2.0206788,-1.6039417,1.0913659,-0.31349152,1.1940186,-0.21111622,-0.07685334,1.1242583,0.61866033,0.44086647,-1.227772,0.91039497,-0.838067,-0.5295001,-0.28002825,1.1195295,0.7709703,1.6759851,0.6568701,0.53703076,1.0326085,-0.24696207,0.21144913,-1.5350206,-0.72821105,-0.9809649,0.59104323,1.4881016,-0.8524263,-0.7079925,0.54421985,0.13310356,1.0418838,0.98405087,0.22777575,-0.19936422,1.3075315,-1.0414076,1.9774988,-0.7973132,0.40619534,0.48457667,2.1892545,0.1054997,rodolfo
139,-0.062210307,-0.24528451,1.9899237,0.18983656,-1.1719438,2.672864,-0.13169636,-0.9569668,2.0872633,-0.021871582,-0.07746931,-1.2028463,-1.7486221,-0.6051791,-1.8403329,1.8605247,-0.89754343,0.5392051,-0.6387494,-0.6651995,-0.013126649,0.9959223,-0.1531595,0.114160106,1.199114,0.033324365,1.5655583,-0.38336298,-0.52767575,-0.09386978,-0.44883528,0.08998187,0.42251152,-0.6765938,0.88845104,0.25520244,-0.7607731,0.32394293,1.1350677,1.5596087,1.7869291,-1.869759,0.3356114,0.12056248,1.6311231,-0.5118466,0.21449882,-0.38104814,-0.16436492,0.34294298,0.011970803,-1.0150003,1.8225567,0.006712854,0.354836,0.09196361,0.20462033,-1.2149484,-0.37314114,0.2956364,1.6349622,-0.8731571,-0.0786314,-0.4199524,0.09778723,0.3736688,0.77275664,0.3676295,-0.5633688,-1.3515953,-1.9227668,-0.4036652,0.64696145,-1.0926241,0.6678775,-0.5492323,-0.29265106,2.03773,1.3686754,1.1114651,-0.15965247,-1.3596549,1.4681839,0.67472446,0.44952717,-0.18011996,1.5872374,0.22440775,1.0354143,0.057975408,-0.2150434,0.1908114,0.65526766,-0.20794955,0.78788257,0.029497351,-1.678831,-0.7370967,-0.8472628,0.45674884,0.5219088,1.1252029,-0.9193069,-0.046054482,-0.119079195,-0.80652714,-1.9190328,1.6292919,-1.2953053,-0.50611216,1.4421282,0.08308647,0.9344046,-0.000830587,-2.2991533,0.5657096,0.045620233,1.569923,-0.75572187,-0.7613621,-0.055791236,-1.2096295,1.1437489,0.8065313,0.7112756,-0.2029666,0.12162309,0.5259899,rodolfo
140,-0.056183904,0.20240533,1.4566802,0.4298853,-0.3851805,3.3061507,0.6300426,-0.9223736,2.0337303,0.06110264,0.017057732,-1.5447922,-1.8005801,-0.799199,-1.5435576,1.3081952,-1.0324949,0.5410905,-0.47256792,-0.90813917,-0.48418763,0.9536977,0.11367569,0.23630863,1.0962355,-0.29308268,1.437642,-0.70651907,-0.76381683,-0.39536434,-0.19795951,-0.27565944,0.5429804,-1.3680011,1.1577113,0.0797545,-0.87402457,0.44119638,0.83290267,1.5065851,2.2294257,-2.2184937,0.46407518,0.5858496,2.023169,-0.7669392,0.016890138,-0.40248525,0.07305354,0.07871961,-0.21202354,-0.90683365,1.8855426,-0.0487421,-0.22936332,0.43102622,0.5961625,-1.5190979,-0.9090948,-0.24799734,1.4002686,-0.60998327,-0.17297304,-0.57111573,-0.34878528,0.32213914,0.9374408,0.49055445,-0.15072878,-1.5108459,-2.0509427,-0.20198631,0.0066160318,-1.1855532,0.30713955,-0.51691943,-0.44687343,1.9277613,0.86093813,1.4693283,0.24070701,-0.52481925,1.4295862,-0.043321945,0.7430948,-0.27082297,1.7128915,0.6195419,1.0435476,0.32504448,-0.5081034,-0.16086544,0.8771965,0.43455502,0.4187669,-0.3598718,-1.7669425,-0.8304418,-0.83716387,1.0646378,0.1604398,0.7814326,-0.6980144,0.06404229,-0.3113041,-0.96738225,-1.6797177,1.6788465,-0.8987098,-0.3501394,0.69387925,0.64339477,0.7826036,0.06907284,-2.9866982,0.56604517,0.14607047,1.2508548,-0.6672533,-0.66690534,0.040402137,-0.61488867,1.3364091,0.94323885,0.920355,-0.18753362,-0.04473625,0.6949609,rodolfo
141,-0.72647476,0.4969581,1.5753313,0.791447,-0.5904338,3.1125145,0.28344095,-0.9649119,2.3406382,-0.6713394,0.21598324,-1.411758,-0.8915782,-0.5638007,-1.3045847,1.0168034,-1.081138,0.7521006,-1.1092153,-0.53966194,-0.8148322,0.9419457,-0.16677037,0.054503895,0.6643713,-0.43708724,1.3530006,-0.22934198,-1.2542886,-1.1469299,-0.49053946,-0.268762,0.39449725,-1.407625,1.3318729,0.1421372,-0.56789094,-0.05512715,1.329576,1.2226524,2.7332993,-2.1480253,0.23476754,0.05774507,1.7357103,-0.98583424,0.37712064,-0.8256149,0.30930382,0.22877981,0.13845193,-0.7006199,2.0139787,-0.42992634,0.15923683,0.48149675,0.7880587,-1.602528,-0.5937085,-0.4599047,1.8779145,-0.67882645,-0.082046434,-0.21676253,-0.08269516,0.41532236,1.350143,0.08859491,-0.09390557,-1.6340269,-2.3228858,-0.042524874,0.030079197,-1.2612357,0.06880729,-0.39265218,-0.52188766,1.9448063,0.8849343,1.0869904,0.25825357,-0.5536885,1.770106,0.55142367,0.9968883,-0.27330256,2.0403416,0.8082895,0.47040352,0.20543726,-0.60493904,-0.35130093,0.5369296,0.42739332,0.2141598,-0.15670638,-1.4981062,-0.8382769,-0.59828323,0.98504937,-0.22461712,1.3005456,-0.8711118,0.18465115,-0.1576784,-0.35385507,-1.6319969,2.053255,-0.99244267,-0.20103239,0.86131895,1.0517861,0.7724273,0.10417769,-3.2035685,1.0913919,0.25231713,1.01605,-0.97398686,-0.8080741,-0.3569469,-0.796458,1.7721318,0.5697351,0.8976684,-0.37941566,-0.069734015,0.38382086,rodolfo
142,-0.53078413,0.13651365,1.910324,0.10075488,-0.62070554,3.0598116,-0.08332226,-0.6008583,1.5960299,-2.239589,-0.076013155,-1.2041777,-1.2707632,-0.41267598,-1.3020213,0.75247693,-1.4611956,0.76903355,-0.3042283,-0.8719547,-0.32400215,1.3382301,-0.035934243,-0.78824353,0.42983222,-0.87346244,-0.035302687,-0.6141484,-0.49713475,-0.9081058,-0.47986993,-0.7899614,0.9284044,-1.153131,0.7921133,0.23976564,-0.7157741,-0.29544532,1.0545077,0.51373917,2.1433513,-1.5031148,-0.6007205,-0.39050555,1.6304545,-0.8525302,0.3786319,-0.027945101,-0.16950986,0.8386855,-0.15143283,-0.4874187,1.6182435,-0.40710732,0.53994083,1.0009716,0.6300161,-1.6552043,-0.36318547,1.1156039,2.2239478,-1.5437504,0.78941417,-0.10013148,-0.27666178,-0.08850159,0.9172718,0.35995516,-0.9722106,-1.5377141,-2.4993587,0.026089966,-0.95844936,-1.5283383,0.7011249,-0.24593875,-1.2553778,2.0798163,0.9333692,1.1166351,-0.10187023,-0.5369774,0.884286,0.48269096,1.2011025,-0.710693,1.6142719,0.71807766,0.62019897,-0.74673104,-0.13163328,0.49686816,0.6728077,-0.36342484,0.020789754,-0.30591735,-2.166301,-1.3033786,-0.10881771,0.52239,0.42292982,0.6077711,-0.5081448,0.5697418,0.60530025,-1.0193123,-1.7925735,1.3476532,-1.1399584,-0.7528101,0.60084784,-0.12386832,0.63653696,0.3588529,-2.6228988,0.026678361,0.69369173,1.673218,-0.96877515,0.18251002,-0.7498442,-0.3217074,1.6597464,1.1061423,0.8940079,-0.109822914,-1.2472823,0.6955608,rodolfo
143,1.107954,0.29481632,2.3069296,-1.1970005,-0.65947056,0.87291753,2.3207035,-2.7161074,0.5532074,-1.1774733,0.9180991,-0.55901784,1.2538033,-1.3056574,-0.89568806,1.2754077,-1.7905222,-0.38966757,-0.46090364,-1.2780597,-0.6078141,2.163155,-0.5252509,-0.9771372,0.93596536,-0.7332492,0.090064615,0.10871627,-0.26257086,-0.28261644,-0.26883382,-0.5587472,1.5531294,0.17340925,0.8871652,0.20560919,-0.1300171,-0.4885375,0.096154585,0.14577739,2.205712,-0.6740451,0.23950757,-0.74512404,1.2988544,-1.3799838,-0.13194305,-0.40403783,0.4212342,-0.3118051,-0.06434928,-2.6457908,0.09701294,-1.1246964,-1.1837635,-0.3965045,-0.93194526,-0.09160633,-0.50376886,-0.27584422,0.952661,-1.241749,-1.3786913,-1.201587,-1.2659901,-0.0027855411,0.4195412,-0.19238779,1.0566437,-1.0171055,-0.5302322,-0.7432202,-0.3518658,-1.913905,-0.33842152,-0.393668,0.91955996,1.431151,2.3938482,0.46416456,0.7646185,-0.27197284,-0.06705308,-0.5747164,0.96646595,-1.0773588,2.599429,0.16865025,1.5962467,0.7384731,-0.9313169,0.99717885,1.5192434,-0.11660465,0.8049865,-0.21982408,-1.9230216,-0.28313413,-0.46226463,0.8176729,1.633751,0.25364926,0.3060233,-0.8673833,-0.7115525,1.799849,0.23584163,-0.6252123,-2.6788304,-0.47255504,0.61903524,1.6678371,-0.2811937,-0.599635,-0.3164996,1.2468799,0.11040269,0.16688952,-1.0128925,1.0755119,-0.77611405,0.3448961,1.7638063,2.3230991,1.9074699,0.6482905,-0.49528366,1.5658832,rodolfo
144,-0.18372867,0.14086676,2.0647624,0.67278486,-0.9221426,2.1175635,-0.091672905,0.20748368,2.7867544,-0.61915106,-0.84641826,-1.1808202,-0.11133836,-0.22300853,-1.7930667,0.8439823,-1.3133708,1.2445652,-0.13228667,-1.1290939,0.42446432,0.87726635,0.19106737,-0.22173652,0.59202933,-0.11452497,0.6162901,-0.49896306,-0.537878,-0.9997506,-1.2408142,-0.07073048,-0.24183902,-0.62157065,1.356521,-0.71672773,-1.2965949,0.2021062,1.6995766,0.47977743,2.081587,-1.6536522,-0.07752088,-1.5931351,1.031608,0.6331038,-0.049476214,-0.81539667,-0.59171,0.7571429,-0.52832216,0.21986777,1.6846119,0.14230958,0.5642287,0.15937988,0.6888722,-2.740173,-0.0103736,0.089691244,1.8665966,-0.6429842,0.19249034,-0.26635578,0.1850546,-1.0263375,0.8139377,-0.60771924,-1.2865373,-1.429991,-1.6550486,0.17430878,0.11117226,-1.1428864,1.3427223,-0.95453197,-0.7676717,1.950837,1.3333646,-0.2159048,1.0380396,-1.5664078,0.9462345,-1.0754359,1.2668396,-0.40323475,0.95018286,0.26677513,-0.10476275,0.23465161,-0.6634309,1.1179456,0.15289268,-0.09046755,0.7769997,-0.1352555,-1.0180072,0.21462041,0.03271742,-0.23943792,0.6337453,1.7240541,-0.38361377,-0.19550058,0.43719858,0.8083248,-1.9584074,2.156401,-2.1456172,-0.71054184,1.6397437,0.6226229,-0.4686835,-0.5493175,-2.451133,0.7923385,0.18758225,1.0006192,-1.2910869,-0.5835575,-0.7963539,-1.0119556,0.9371511,0.7943483,0.45090145,0.081926726,-0.8887105,0.47648767,rodolfo
145,-0.66703093,-0.36114174,1.1105257,0.44777527,-1.5852079,2.2332106,-0.5683242,0.38649294,1.1263591,-0.58621544,0.16343722,-1.6689181,0.048684143,0.19084746,-1.5687978,0.22549064,-2.144622,-0.1884147,-0.82636577,-2.0668387,-0.93206215,1.2459176,-0.7772663,0.19226417,0.7009163,0.00924122,0.5755502,-1.0679437,-0.05278778,-1.3571342,0.5050136,-0.7999243,2.0931184,-0.62678206,1.4961847,0.28374165,0.116577715,-0.7174683,1.0959704,0.5944371,1.781577,-1.4290003,0.1571841,-1.0746617,0.35092852,-1.2823915,0.5115003,0.09975816,-0.14079294,-1.888047,0.8564854,0.77692187,0.72673655,-0.31703565,0.9482385,1.3718818,0.3737073,-1.819534,0.6758294,0.2132332,2.0052116,-1.5549774,0.55159354,-0.8872383,0.4475786,-0.7843436,0.1315431,0.9835915,-2.538874,-1.3451595,-0.7302293,-0.59062195,-0.67725414,-1.6490902,1.5845116,0.11082995,-0.54960835,3.0348985,0.994037,0.08573346,1.3270952,-0.64320683,-0.4276439,0.25633928,0.33023077,-1.0184504,-1.1698183,0.5579887,0.72217023,-1.3738424,-0.88774973,-0.09108082,0.7686307,-0.2789318,0.008458156,1.1555394,-1.9746736,-0.050081417,1.2370358,0.24091469,0.22910808,-0.0113626905,-0.519797,0.118420936,-0.27018118,0.5651136,-1.6449379,0.9555342,-1.5926492,-0.43429643,0.27384493,0.7156471,0.57212794,-1.5785408,-1.5795156,0.4028774,0.35938764,-0.50577897,-1.1931946,0.99080145,-1.0189904,-2.4013324,1.2548712,1.679992,1.6317611,1.4987649,0.12311987,0.9640326,rodolfo
146,0.27324757,-0.9401196,0.37988162,0.8796838,-0.8946649,1.5196017,1.2914293,-0.37223944,-0.17339367,-0.6490416,1.6915358,-0.5240001,1.141963,-0.15188362,-1.7762264,0.5842269,0.48047912,-1.2983981,-1.5866458,0.32774517,-0.31875175,0.5166511,-0.6670546,0.15384877,0.57707864,-1.3716029,0.7921581,0.67654675,-1.3370997,-1.4025198,-0.18272568,0.49423003,0.30589917,-0.4734283,0.5292287,1.3800907,-1.2913786,-1.7019938,-0.9902254,1.8462725,0.09103632,0.48150578,0.8376341,-0.15064202,0.6887952,-2.503417,1.3354728,1.2430713,0.12513213,-0.5506439,-0.2889679,-1.360547,-0.88993526,-0.16036478,0.64733857,0.31536013,-0.072075784,0.8646153,-0.0062284768,-0.17694613,0.08773578,-0.68581426,1.2607267,-0.24749213,0.675114,0.6426554,-0.5058361,2.6271007,-0.6429933,-0.59916174,-1.7083051,0.6438689,0.69868886,0.17536516,-0.13947925,0.20406976,0.39788315,1.2072169,0.890937,1.239047,-0.22168559,-0.15882118,-0.94806254,0.024515273,0.33538222,-0.444153,1.1732105,-1.2149544,0.76381767,0.39142293,1.3419667,0.652377,0.5817243,-0.48366842,-0.015894055,1.6612129,-1.2977558,-0.1059986,-0.4249818,1.18905,0.27656913,-0.19541982,-0.2666269,-0.48460236,0.05831658,-1.8947749,-0.08169158,-0.15247618,-0.14501184,-1.6017579,1.3983948,-0.064152256,2.3520656,0.54607815,-0.9574442,0.68457747,0.5487199,1.3699732,0.8253996,1.4506533,-1.044574,-0.26980874,0.65304685,0.3968911,1.2613907,0.6658457,0.0015310636,-0.43054935,rodolfo
147,-0.19095618,0.49338612,0.99355835,0.4159337,-1.7990392,2.07032,0.05652908,0.47292328,0.74459904,-0.6540979,-0.7585618,-0.24644148,-1.0685525,-0.31771404,-0.674104,0.43084937,-1.802186,0.0483621,-0.19775024,-1.8969921,-0.9786812,0.06799004,-0.5602337,-1.1256818,0.5460313,-1.6178875,0.6242237,-0.40548995,-1.6272904,-1.7101017,-1.1071054,-0.73990345,1.7061998,-0.7573555,1.1536727,-0.042420913,-1.1713281,-1.1053511,0.4160864,0.6438652,0.41394025,-1.2586504,-1.0915682,-0.65942794,0.7333009,-1.433958,-0.9948668,1.5234544,-0.12109638,-0.7112937,0.3165937,0.24884926,2.079796,0.63148874,2.1406162,0.6022612,-0.4591082,-1.4683906,-0.4598371,0.45765117,0.5338437,-1.364116,0.40317118,-1.0687584,1.1311094,-1.1428996,-0.34589487,0.24113132,-1.9718318,-1.3129967,-1.4484789,-0.27628446,-0.5915353,-1.3543849,0.6089064,-0.34738395,-1.1625686,2.5516248,2.2004673,0.27634066,1.8886286,-0.67868435,-0.9278712,-1.0170108,0.98400056,-1.8507361,-0.67650324,-0.06336429,0.76791096,-0.06303497,-0.79779553,0.5037665,0.23953092,-0.14777982,-0.589276,0.6978203,-2.0300677,-0.019424995,0.7435707,1.4610995,0.8886525,-0.32439718,-0.6728418,0.95826983,0.27007127,-0.75445765,-1.5541062,0.41890728,-1.9999502,-0.73159397,0.35694948,0.69035894,-0.14651273,-0.88030684,-2.2880828,0.15551572,0.16528861,0.6554055,0.16265687,1.3970762,-0.9375138,-2.5977473,0.16462535,1.925322,1.1702832,2.0685267,-0.011175659,1.3367777,rodolfo
148,-0.3870196,0.28545475,0.17567757,1.0287578,-2.0155733,1.1730646,-0.3726967,0.20763801,0.45212418,-0.17470235,0.9230818,-0.7563112,0.016085133,-1.2158313,-1.1620371,-0.46197522,-1.1698475,0.05103015,0.17996413,-1.0694206,-1.0757866,-0.096658416,-0.39273167,-0.7478987,0.77993655,-1.0331793,2.0919998,0.5221106,-1.6668532,-0.9838127,-1.4159613,-0.035670053,1.3655131,-1.2829791,1.3798534,-0.19646885,-0.014519397,-1.7981066,1.268542,0.8014642,-0.022581365,-0.880766,-0.092692494,0.02670893,1.1925663,-1.0993273,-0.3356641,0.46399277,0.30147654,-0.9173634,0.3173383,-0.26340976,1.2132672,1.2577307,1.1249934,0.6128667,-0.0026738606,-0.0980742,-1.6389872,-0.45402542,1.052406,-1.1976302,1.7196983,-1.9272655,0.3853334,-0.14034437,-0.93170166,-0.11126555,-1.9045779,-1.9547179,-0.70996594,-0.119714245,-0.55122536,-0.069136694,-0.008530822,-0.40611094,-0.15264955,2.8022816,3.228178,0.8369019,1.8915203,-0.44178674,0.033070397,-0.2138726,0.5851815,-0.87062216,-0.41698068,0.03368613,0.5374,-0.6873031,-0.76336503,0.86194617,0.048792366,1.3111628,-0.6251881,1.2984726,-2.263409,-0.6259676,-0.743585,-0.020736473,0.5410794,0.06454755,1.4096175,0.052595973,-0.093745366,-0.66762376,-1.4432232,0.42077082,-1.7712666,-1.1326479,1.2742296,-0.6523462,0.41749886,-0.32355124,-1.9782388,1.1288514,0.03453978,0.80424535,0.6163505,1.9628046,-2.490114,-1.6931924,0.6706263,1.7898424,0.7178376,2.8351238,0.45808524,0.056731354,rodolfo
149,-0.68436575,-0.5027646,0.845669,0.61692506,-1.6833239,2.296058,-0.3788407,-0.011289783,1.1220741,-0.31167114,0.013135463,-1.2114282,0.7602805,-0.41144568,-1.1909598,0.4052137,-1.809895,0.12161368,-0.7682897,-2.0583186,-0.9705175,1.4420465,-0.872232,0.41726598,1.2409537,0.011216495,1.0830947,-0.44061542,-0.31053007,-1.3413848,-0.13073872,-0.16183484,1.5446259,-0.8194609,1.127475,-0.2372434,0.09831713,-0.77392656,0.40603822,0.29181466,1.7042134,-0.99355066,0.44926283,0.009051956,0.33701473,-1.3357685,1.1345235,-0.8542017,0.07216881,-1.8344731,0.6723909,0.08559702,0.23525345,-0.2751543,1.1929643,0.8404706,0.7387389,-1.4676641,-0.21357444,0.18590423,2.0881066,-1.1507447,0.4938596,-0.94759697,0.7015235,-0.6519785,0.013089091,1.040395,-2.5044446,-1.9007089,-0.9285747,0.11130658,-0.5674322,-1.4472289,1.819721,0.11482744,-0.9896425,2.9707701,1.4342154,0.5501332,1.152263,-0.39851287,-0.58339864,0.36130872,-0.22924638,-0.67285824,-0.6400253,0.5018311,0.6231756,-1.5289731,-0.1847766,-0.27757826,0.60666347,-0.5288347,0.5700687,1.4087095,-2.1015995,-0.0239965,0.95262724,-0.32183015,0.72213566,0.02993866,-0.78374076,-0.65882915,-0.04725265,-0.20938939,-2.2090771,0.3435906,-0.8764379,-0.68865544,-0.3118772,0.48903644,0.94503546,-1.2443001,-1.9715292,0.40737677,-0.25222075,-0.2065326,-0.6715218,1.7048827,-1.3305966,-2.124637,1.5539863,2.036529,2.052821,1.3077891,0.51527,0.61963856,rodolfo
150,0.19576725,-1.4921687,0.6214656,0.5684198,-1.0782996,1.647184,0.99374247,-0.16306795,-0.27125388,0.18842457,1.2415435,-0.42556834,1.4495624,-0.31060672,-1.5957667,-0.15607983,0.5479225,-0.08973891,-1.2598141,0.7843075,0.32531795,0.7737403,-0.031232774,0.71111596,0.9183628,-1.3912201,0.40241906,0.14169589,-0.9960083,-1.9577839,0.2206248,0.5455956,0.345099,-0.32480693,1.0041016,1.2907375,-1.9278151,-1.7208917,-0.7727646,1.2617487,0.10417807,0.4801457,1.3188571,0.16785547,1.2403827,-2.0353055,1.435696,0.39038736,-0.25853473,-1.3375874,-0.7903501,-1.6574337,-1.482134,-0.696612,0.43582523,-0.11603426,0.4892194,0.87029165,-0.22615856,-1.080042,1.3836877,0.012494117,0.09249094,-0.28245747,0.7833149,0.6120886,0.1880233,1.8685613,-0.74052435,-0.7503661,-1.8004873,0.7453232,1.1581448,0.39430213,0.6390825,-0.30966467,0.34163916,0.53877735,1.0648543,1.7285167,0.45413703,0.14217693,-1.1132121,-0.015045329,0.36857763,-0.19186878,1.2787092,-1.0015326,0.45529994,0.8153204,0.9597482,1.6055775,-0.7152673,0.0001226347,0.24442638,1.106636,-1.1425539,0.091334336,-0.13219357,0.64085925,0.024087377,-0.54610544,-0.8070329,-0.7120014,0.52087927,-1.6450021,0.419059,-0.13584356,0.6771755,-1.9749483,0.8640356,0.019313648,2.272321,0.44577917,-1.0069865,1.0774299,0.57364035,1.1218895,1.1110955,1.6431671,-1.2108078,0.20774545,0.02091463,0.83371997,1.7343142,-0.10487963,-0.005641775,-1.1139463,rodolfo
151,-0.86442614,-1.1309341,1.258814,0.066727675,-1.9460665,2.5266318,-0.10403903,0.8810849,0.90602905,-0.3817915,0.23175853,-0.72978455,-0.60983706,-0.63764226,-1.5619029,0.7983678,-2.2911117,0.10245289,-0.37513486,-1.9063654,-0.052946843,0.02435746,-0.72030395,-1.0330317,1.3872159,-1.4211545,1.0058472,0.05625324,-0.9967327,-1.3659663,-1.0533373,0.14501084,2.2672646,-1.02493,1.1275787,-0.18615308,-1.2178078,-1.0231142,-0.22030634,0.605286,1.024079,-0.66732687,-0.35229766,-0.2218373,0.5227169,-2.128224,-0.33417,1.2821324,0.37559676,-1.1818874,0.28124952,0.16814071,1.7440621,0.5738401,1.5162,0.57493025,-0.34107092,-1.0549355,-0.86411,0.6970505,1.1426408,-0.8600563,0.140539,-0.700584,1.1898857,-0.7298792,-0.12182202,1.4257904,-1.5505993,-1.447926,-1.7669729,-0.20515186,-0.88765585,-1.3769739,0.8323319,-0.612265,-0.519887,2.8666527,1.8654425,1.1703724,1.2396846,-1.3155758,-0.5043641,-0.8638765,0.6240212,-1.528997,-0.29086056,0.035976574,0.9775375,-0.31101623,-0.3024021,0.381096,0.14885151,0.2040171,-0.15006796,1.434166,-2.6401165,-0.631117,0.3767892,1.0207548,1.2958231,-0.2320891,-0.3622475,0.21246609,0.07254907,-0.48510116,-1.6500442,-0.43044117,-1.4591662,-0.42525226,0.5557495,0.13202941,0.06633642,-0.8319274,-1.981544,0.26512685,0.29446343,0.64199185,-0.1510458,1.0252578,-0.9484601,-2.0972407,0.6332846,2.7417657,2.0175264,1.3340149,0.22797439,1.7878417,rodolfo
152,-0.5797969,0.031537227,0.8632926,0.75940096,-2.1794875,2.4616282,-0.07626748,-0.5304548,1.7262452,-1.4544401,-0.26606327,-1.3462831,-0.23431009,-4.813075e-06,-1.1625631,0.41280854,-2.072387,-0.6936311,-0.84213734,-0.9861354,-1.5980891,0.73146534,-0.4237294,-0.031610303,0.7807079,0.41535467,1.111324,-1.0247077,-0.68764,-1.7376295,-0.442431,-1.1160594,1.18096,-0.7950342,0.31310266,0.9988579,-0.53278494,-0.24965593,0.6525373,0.99992204,2.1982663,-0.64967245,0.5058275,-0.75363696,1.3692079,-0.96329975,-0.06262365,0.9241495,0.31521237,-0.44469166,0.4033472,-0.422655,1.4848311,0.10806831,0.035216555,0.71527326,0.45408818,-1.0109001,0.44303903,0.4057677,1.4519012,-0.54286915,-0.20193051,0.27654082,0.19621989,-0.27971005,0.1733531,-0.38494492,-1.393469,-1.3626004,-1.3464973,-0.6077894,0.42857036,-1.6978323,0.66378933,-0.67393404,-0.94068515,2.575531,1.4897846,0.2087216,0.8800466,-1.0419983,0.20413116,-0.12544109,0.47030637,-1.2582682,0.6906447,1.2447798,0.78591216,-0.6777568,0.05765702,-0.15100168,1.3941804,-0.24497074,-0.29883075,1.3953029,-1.916447,-0.121648006,-0.4453254,0.85596,0.94172925,-0.2474522,0.081384264,0.97850734,0.4084341,-0.59044516,-1.2972586,1.3489897,-1.5989672,-0.6316739,1.2013934,-0.00057019293,0.5511664,0.48647302,-2.4621298,0.24808183,-0.33250105,0.83537203,-0.037631676,0.42876175,-0.555575,-2.5151377,0.8136295,1.6493788,1.2240804,0.19844723,1.0721768,0.9133849,rodolfo
153,-0.3021894,-0.60825384,1.6163208,0.15988126,-1.50079,2.4331062,0.48331773,-0.31157637,1.5606525,-2.0767212,-0.13484575,-1.1614692,-0.46094018,-0.45671076,-1.3424739,0.93154067,-1.9526474,-0.22524527,-1.278101,-0.8349562,-0.8392081,1.2013928,-1.1261324,-0.77362496,0.9468605,0.1605747,0.9346899,-0.61029965,0.10522776,-1.1265023,0.12231456,-0.59374416,1.0406907,-1.0349342,0.23499021,0.72254664,-0.8744646,-0.6229533,-0.20950416,1.2376891,2.3189938,-1.0184919,0.33174708,-0.73475933,1.8346192,-1.3388602,0.3359764,0.76635194,0.07124604,-0.4053148,-0.12893854,-0.09995611,1.4495956,0.26398754,0.06787366,0.46643317,-0.19058998,-0.68627083,0.70737857,0.867346,1.6708769,-1.0149431,0.08175267,0.45496768,-0.022509567,0.056408174,0.6774728,-0.06332389,-1.3451426,-1.5960135,-1.6562101,-0.87319505,0.5196791,-1.8817655,0.706143,-0.83846617,-0.77839196,2.5884397,1.4172084,0.81390053,0.13332686,-0.786883,0.23577009,-0.44889897,0.2732118,-1.424229,0.5667454,0.3939073,1.774777,-0.48652002,-0.5154086,-0.1256078,0.6531882,-0.98429483,0.04142718,0.87917835,-2.3045862,-1.0769161,0.5573667,1.3064935,1.364206,0.5500681,-0.18657863,1.1792566,0.4756847,0.2836247,-1.113162,1.3029591,-1.2900982,-0.5191341,1.005555,0.2983389,1.024708,-0.18835151,-1.7657342,0.25775278,-0.18599077,1.029409,-0.8791573,-0.62290084,0.05948496,-1.462781,1.0288837,1.4452928,0.97115505,0.54824704,0.29205588,0.7363418,rodolfo
154,-0.31465814,0.31523055,0.8651941,0.5109224,-2.2535214,3.0308914,-0.5276402,-0.43888217,1.4686673,-1.2777363,-0.62484556,-1.0442672,-0.43867314,0.0034878105,-0.99461997,0.37355,-1.6429365,-0.45194906,-0.6541869,-0.52076095,-1.3054733,0.58961666,-0.47279018,-0.76293963,0.6836803,0.55715084,0.8240242,-0.2117716,-0.9579005,-1.5554754,-0.51517224,-0.7180282,0.84969956,-1.1374532,0.46189386,0.45125523,-0.59892154,-0.19261673,0.8851276,1.1890166,1.7480744,-1.0664637,0.40942177,-0.86979705,1.4744222,-0.8228038,0.28036442,1.0143785,0.14066891,-0.051281944,0.54290324,-0.015340481,1.9597114,-0.00818225,0.60362417,0.38220173,0.47238162,-0.9130092,0.4397452,0.7773767,1.73797,-0.7017976,0.036455978,0.4777745,0.2965519,-0.69057584,0.4129299,-0.84417844,-0.87424445,-1.9253494,-1.5954083,-0.88745666,0.27898255,-1.3342077,0.8180439,-0.071780115,-1.0033091,2.207019,2.036373,0.22674389,0.9963555,-0.693961,0.78149074,0.009633226,0.5565052,-1.2294816,0.74399716,1.2336756,1.0313152,-0.4478781,-0.771745,-0.41851997,1.0936738,-0.19407156,0.1472705,1.3987862,-2.0549736,-0.27403,-0.34200168,0.8428489,1.3045065,-0.20756689,-0.4110775,1.1687301,-0.13807434,-0.8559122,-1.3815101,1.9531122,-1.0090754,-0.9161312,0.9677151,0.09387672,0.08921212,0.544781,-2.438948,0.10106166,-0.30663618,1.2262471,-0.04001654,-0.019758688,-0.07310757,-2.2358642,0.45653147,1.5047835,0.80380744,0.45889398,0.9272531,0.42890206,rodolfo
155,-0.65965736,-0.51247627,0.29115286,0.33530977,-2.0658536,2.3061993,0.14621738,-0.4081725,0.36635038,-1.4675622,-0.11832933,-1.2748357,0.06751935,-0.17234848,-0.8830097,0.7144588,-2.1095662,-0.83443344,-0.4298035,-0.96383375,-0.9200741,0.43858343,-1.1484181,-0.5472447,1.2251933,0.9438272,1.0286652,-0.50311095,0.16147423,-1.045156,0.68549657,-0.48314416,2.02551,-0.9929604,-0.2517157,0.29421297,-1.0375046,0.18659303,0.6873711,1.0702552,1.7086569,-0.029401248,0.097817354,-1.0003688,1.1130149,-0.8939314,0.2704688,1.4487804,0.04040602,-1.1732619,0.30743027,0.70727783,1.1340468,0.7672363,0.7040316,1.0354055,0.6671645,-0.53424674,0.36917335,1.450835,1.8837041,-0.8092866,0.21917261,0.2816354,0.40971756,-1.4044802,0.12424022,-0.3835581,-1.3809453,-1.7398432,-1.305799,-0.6561382,-0.70314044,-1.2151904,0.8877628,-0.23147464,-1.201101,2.5438719,1.8971772,0.4713469,1.0628945,-0.62762904,0.18723899,-0.40484598,0.14200583,-0.49595094,0.017832477,1.383957,0.9730952,-1.1673867,-0.24522799,-0.06299297,1.8752389,-0.21792197,0.25295568,1.6886786,-2.349167,-0.80987114,0.44046402,0.5572257,0.9988648,-0.42171475,0.117751166,1.061245,0.403428,-1.1105912,-1.729197,1.4959766,-0.9955901,-0.93504137,0.008039204,-0.5573924,0.105806306,-0.14524253,-2.0385213,-0.12855999,-0.4587677,1.31389,-0.025464028,0.39381114,-0.1420108,-1.2484246,0.65890265,1.7256162,1.2832068,1.0430586,0.31453267,0.5236891,rodolfo
156,0.08221903,0.57121277,-0.55027187,1.4808182,-0.27690884,1.5814388,2.1474886,-0.7718492,0.14667788,-1.3043131,1.4047476,-1.17979,0.38705224,-0.5070261,-0.23847249,0.7280646,-1.764557,-0.40802503,-1.8099792,-0.3638404,-1.3548632,0.69492567,-0.53441846,-1.5399611,0.7041144,-0.4436956,0.9179665,-0.734233,-1.6039166,-0.6812039,1.3690633,-0.81163126,1.2674156,-0.08189348,0.78552306,0.17055818,-0.07356494,-0.402355,1.006277,1.2251247,2.2175643,0.7026311,0.661796,-0.66930175,0.7678681,-2.3571305,1.2100329,1.311399,-0.2539018,0.82177436,-0.4346658,0.74509466,1.2537099,1.3348441,1.017047,0.3278277,0.4303628,0.5198985,0.015451254,-0.15724126,1.9520411,-1.3573161,0.109564096,-0.49538293,0.9122652,-1.1144587,-1.268449,0.93310183,-2.9024928,-1.0615886,-1.4653757,-0.47034508,-0.14058946,-1.8578464,-0.33117718,-0.030938845,-0.08700527,2.3282943,1.2549509,0.3942039,0.14320004,0.24607506,1.2045561,-0.06085085,0.4410054,0.050305,0.7706985,1.1035638,1.8798137,-1.0288758,-1.6339904,0.28266025,1.0178438,-0.32753226,0.8031477,0.25780177,-2.431988,-1.9395164,-0.12008873,0.9700523,1.0253837,1.037358,-1.6427296,0.16029035,0.9070973,-0.14955595,-0.088992074,1.4187728,-0.36565298,-0.575436,-0.10967243,1.0302184,1.3664348,-0.35940248,-2.493422,0.2852489,-1.1354976,0.092169136,0.4137979,-0.14335796,-0.74885404,-0.7242851,1.7788285,0.50197226,1.3949207,0.44957688,0.123020865,0.8188247,rodolfo
157,0.2098164,-0.7352766,2.4855464,0.71284014,-1.7737634,2.6350722,1.0192086,-0.040297974,1.6288977,-1.1385232,-0.44693244,-1.1550963,0.27188158,0.0657336,-1.6432554,0.8038706,-1.6838244,0.19490023,-0.4343011,-0.48714754,-0.79066944,0.9014783,-0.7311346,-0.8188558,0.93249655,0.0263113,1.0598191,-0.76156664,-0.34098303,-1.6650181,-0.43288505,-0.6946981,0.34730232,-1.1703966,0.335614,-0.06167294,-0.9193257,0.18081181,0.58932745,1.1522046,2.065007,-1.2169682,1.1711005,-0.5790384,1.0018877,-0.46318328,-0.003954228,0.08248307,-0.48095095,-0.69559157,0.13953596,0.16541119,1.2549716,0.15904629,0.33118144,0.17015445,0.2663362,-0.632586,0.561734,0.6675066,1.7727683,-0.33856153,-0.18147859,0.12785017,0.18332815,-0.4857095,0.72209024,-0.505117,-1.7984656,-1.1314949,-1.7266817,-0.5379327,0.41041026,-1.495554,0.96547747,-0.009907749,-1.0661998,2.5608053,1.3554184,0.75407034,1.1620641,-0.8604964,0.47446325,-1.0016544,0.42953908,-1.6897554,0.74896944,0.29563773,0.9053569,-0.6283019,-0.7723434,-0.020172229,0.5016879,-0.8205578,-0.08853559,0.55483645,-1.9668669,-0.6817652,1.1259928,0.56318325,0.8845033,0.47887576,-0.36256993,0.6028479,0.27567193,0.40889627,-1.0432904,1.4718912,-1.2804425,-0.8965958,1.4554394,0.596504,0.7053555,-0.66752034,-2.29388,0.47408387,-0.16534632,1.4835545,-0.96430624,-0.5360228,-0.02452702,-1.6607668,0.67954934,1.8099217,1.0238948,0.74763244,-0.16306768,0.45135653,rodolfo
158,-0.12114939,0.062368274,0.5255038,1.194843,0.18299939,2.373055,1.0206399,-0.29883,1.2681787,-0.7341593,-0.12821525,-0.9481961,0.8187509,-0.6419394,-1.4481772,0.5206917,-1.9117117,-0.45356494,-0.81796205,-1.1391182,-0.8445984,1.866066,-1.024054,-1.049753,0.80392617,0.20267281,1.9885012,-0.7664754,-1.2392136,-1.3300928,0.13484403,-0.4985314,1.393406,-1.4783088,1.3638152,-0.12995373,-0.38848597,0.24872276,1.660809,1.3146065,1.5059644,-0.31275544,-0.1466369,-0.73403084,0.25932845,-0.57312834,-0.49762142,0.4991916,0.30797493,-0.50698626,-0.33271408,0.99901104,1.5269471,0.47151378,1.3967196,0.97867346,0.5441156,-1.9658905,-0.32331976,-0.29681835,1.2662016,-0.48373497,-0.21487848,-0.5627489,0.40110213,-1.1415163,-0.5665454,0.6330294,-1.9460504,-1.6054993,-1.7003946,0.40420642,-1.2329787,-1.6480513,0.69773227,-0.15245363,-1.1426992,2.5490417,1.3100529,0.36148167,1.1184278,-0.7744,0.484224,0.5600004,1.1866946,-0.63501287,0.7152867,1.2363263,0.35890293,-0.9300106,-0.95385915,0.75041217,1.2161167,-0.47724673,0.51164186,0.73728144,-1.2692008,-1.173898,1.182245,0.12625487,0.8342135,0.73865175,-1.3144855,-0.52079594,0.4399976,-0.07183693,-1.238294,0.85286963,-0.8426143,-1.5142549,1.1043981,-0.13874654,0.2762481,-0.5085645,-1.945236,1.7021228,-0.9835067,2.1338317,0.42267194,0.72603714,-0.6920989,-1.2538866,1.159163,1.3796204,1.5915409,0.56196225,-0.3117872,0.84222925,rodolfo
159,0.12927045,0.30461124,1.5908067,1.2199005,-1.3337554,1.4310607,0.5690176,-0.5773056,1.2926033,-2.3741305,0.38960302,0.17939182,1.277489,-0.075106114,-1.9368026,-0.8670216,-1.8264108,0.570464,-0.012017168,-1.1995,-1.4481109,2.289612,-1.8485897,-0.8781708,1.5739036,0.44487664,0.9960822,-0.6705762,0.46095675,-2.028848,-1.4189764,0.04853428,0.2799555,-1.0729791,0.40751293,-0.18295173,-0.031291056,-0.27409202,0.063710034,-0.04508909,2.475595,-0.5956344,-0.04526609,-0.54433244,-0.30802345,0.16546173,0.42965144,-0.66858816,0.08109404,0.16750185,-0.04178691,0.90171796,1.8355532,-0.5799655,0.9063303,1.5682067,0.05827937,-1.7232795,0.13468598,0.6980481,1.6952455,-1.0218729,0.5359138,-0.35792914,0.77847886,-0.011079431,0.117332704,-0.19659995,-1.828608,-1.4313742,-0.19473511,-0.22162154,-0.9223113,-0.8992371,1.0875103,-1.0520618,-0.3081804,2.5239265,1.4578701,0.5383767,1.5525486,-1.3094665,-0.4163051,0.18480791,1.6560131,-0.4350488,-0.009971142,0.54697174,0.9624615,-1.4018658,-0.7466502,0.7956181,1.3438102,-1.2569164,0.64806235,0.89401275,-0.41191036,-0.28770667,1.2141583,-1.083264,0.8032524,0.8564052,1.1547627,-0.38950047,0.059723742,1.4591223,-0.47047257,0.6067462,-1.4805892,-1.9218228,1.0781387,1.1254792,0.48158062,-0.47354305,-0.9625645,0.5912957,-0.8331708,2.234446,0.46125877,1.701787,-1.752483,-1.3952304,1.6985089,1.8735448,1.3234471,2.4866097,-0.17829823,1.701925,rodolfo
160,0.29282674,0.0067685395,1.6054515,0.5751095,-1.1549683,2.735665,0.6261567,-0.100307554,1.2392464,-1.1142665,-0.18854299,-0.5619334,0.45615685,0.16575664,-1.4503359,0.006842021,-1.3810449,-0.42205054,0.0023942068,-1.3575454,-1.1688474,1.3900462,-1.1715368,-0.88157815,0.9553234,0.060220268,1.1827639,-0.8565085,-0.4976673,-1.9705431,-0.16274966,-0.5214267,0.920112,-1.5849392,1.0995024,-0.19734152,-0.45342505,0.45650673,0.97366554,1.3197304,1.2006186,-0.8303996,0.20016348,-0.9227275,0.32093462,-0.6183613,-0.7162096,0.36386713,0.23605077,-0.7097434,0.028551355,0.49713165,1.5888972,0.022262536,0.7951282,1.1507057,0.3293745,-1.6789578,-0.0508354,0.10182574,1.2627589,-0.5305317,0.129567,-0.43683103,-0.24341127,-1.0028307,0.14036645,-0.17029746,-2.1327503,-1.1643809,-1.1734481,-0.1223472,-0.28519648,-1.60899,1.1802458,-0.34499356,-0.75126946,2.670101,0.9286446,0.5511458,1.4711835,-1.0668241,-0.69966066,-0.5040581,0.7804543,-1.1469177,0.2983789,0.0964084,0.8994316,-1.0122191,-0.88871795,0.1205957,0.7808218,-1.138221,0.37527725,1.0127249,-1.4509729,-0.42431936,1.3262985,-0.06806695,1.0019592,0.6081855,-0.042857543,-0.23296182,0.72152895,0.32164103,-0.982212,0.5464066,-0.7930387,-1.5250537,1.1302805,0.3920657,-0.004640855,-0.5625004,-2.039896,0.94348204,-0.7196777,1.8196198,-0.4763398,0.82685226,-1.1958911,-1.9849395,1.0918812,1.9461534,1.5976005,1.6128826,-0.24175377,1.021585,rodolfo
161,0.21727228,-0.10734935,1.8512172,0.9245086,-1.5465202,2.228146,0.7919255,-0.036896717,1.2772471,-0.9167142,-0.2971253,-0.5595103,0.53214747,-0.17151019,-1.157604,0.26141894,-1.6720451,-0.5043136,-0.12413816,-1.5870755,-1.2783518,1.0135403,-1.2085123,-0.8813177,0.9846792,0.33358645,1.2965357,-0.21058032,-0.38755274,-1.9405655,-0.6305268,-0.45602924,0.73223007,-1.6437443,0.9901513,-0.17888093,-0.9427108,0.30526116,0.5479712,0.92625976,1.5817846,-1.0188725,0.18734603,-0.743396,0.5947833,-0.23887442,-0.43001905,0.22362784,0.24414717,-0.64388907,0.24413046,0.38337788,1.7158055,-0.05318666,0.8956886,1.0407485,0.26022887,-1.1524776,0.37737635,0.24964929,0.94118136,-0.5820733,-0.079281494,-0.5240141,0.056051534,-1.037814,0.08733538,-0.82550967,-1.9791756,-0.844218,-0.9623732,-0.5671581,-0.041297447,-1.4617947,0.7922725,-0.51806027,-0.8679043,2.9549952,1.2473693,0.6911164,1.7215108,-1.4154433,-0.0391035,-1.2069894,0.67734593,-1.6640607,0.27262503,0.3017645,1.0452006,-1.0760639,-0.83336097,-0.083179496,0.5876163,-0.99777097,0.42205265,0.7406857,-1.5087955,-0.31716025,1.1367364,0.16529664,0.85195845,0.5857709,0.038540237,0.24739416,0.58167875,0.6706933,-0.45643392,0.95626926,-0.9897737,-0.8518516,1.0653834,0.68375903,-0.20695785,-0.4297039,-1.994854,0.73456717,-0.17341776,1.3837718,-0.511439,0.06174459,-0.46784467,-2.1069174,0.89849806,2.0845232,1.4610218,1.5142702,0.0088746175,1.0414228,rodolfo
162,-0.6141746,-1.3512032,0.038125716,-0.18933901,-1.1436087,2.2243967,-0.055079155,-0.60459137,0.83447623,0.6473232,0.6374549,0.42906615,1.3842375,-0.79799616,-1.1656365,-0.23538253,0.38835812,-1.4599,-0.24446103,1.9897071,0.12920065,0.6388031,0.038919322,0.79613835,1.1317807,1.591498,0.7014991,0.8135595,0.61428046,-0.5575676,0.56784284,0.7812255,-0.6195415,0.3781125,-0.7652608,0.67890793,-1.4283721,-0.5248825,-1.0188475,-1.0256494,0.30124733,-0.16315572,-0.8662963,-0.2856378,0.03684429,-2.050062,0.8109222,-0.54140997,-0.8132122,0.4228178,-0.3538881,-1.1835691,-0.6335776,-0.749937,-1.3868122,-0.35342446,0.8415444,-0.43918163,-0.6100556,-0.90275973,-0.40232727,-0.08126119,0.7990973,0.46364087,-0.3366706,-0.9204218,0.23139143,0.34302312,0.8335019,-0.7804606,-0.28671768,-1.0305877,0.21692264,0.68128514,1.2486126,-0.056211542,0.02591598,-0.7865179,0.8056117,0.7475284,0.29095358,-0.8996551,-0.8487877,-0.31510347,0.8555147,0.7602576,1.6619145,1.1663369,0.08463709,0.90003973,-0.017865904,-1.887251,0.20587671,-0.10463264,1.5836941,1.247685,-0.74526143,0.822154,-0.035987087,-0.74172604,1.1459247,0.6553053,0.57599866,-0.76685846,-0.7368048,0.28728616,0.26553708,-0.5681827,1.0017854,-2.1631007,0.61763954,0.72896636,0.37250248,0.37435976,1.1397362,0.5259839,-0.60777557,-0.018347666,0.43088445,0.91589135,0.9209168,0.11171325,0.046925187,0.6413993,1.1387937,-0.5421606,1.2607462,1.3943877,rodolfo
163,0.5684431,0.62914,2.028389,2.267447,0.16148904,2.3190267,1.5344945,-0.71519387,2.0489304,-0.8668405,-0.5838222,-0.68355685,-1.3296736,-1.1845725,-2.8103883,0.4223557,-0.1884146,0.9572278,-1.1368113,0.0326325,-0.6862011,1.6522642,-0.052160606,-1.179438,-0.6379182,-0.13979268,0.17485306,-0.7125573,-0.1864868,-0.8303829,0.6755477,-1.2610805,0.0335613,-1.7167991,1.6652994,-1.2641727,-0.5315315,-0.1653578,1.9973977,0.984413,0.3824323,-2.0444562,-0.14332283,-1.171609,2.4025824,-0.10905607,-0.30100542,0.5850495,-1.0108439,1.2683858,-0.19120629,-0.38602677,1.8336681,0.39296168,0.9211297,0.25353122,0.5700529,-1.2478989,-0.15272212,-0.073335655,0.6254818,-1.6756335,1.0428325,-1.0094889,-0.96634537,0.87439215,0.49894175,0.764957,-1.5500098,-1.2228999,-1.837078,-0.9238596,-0.30840445,-0.9318469,0.5519727,-0.010251846,-0.9646574,2.037368,1.890161,0.52208406,0.87292945,-1.0352697,0.7386779,-1.6940682,0.38377014,-0.52976924,0.37977666,0.33944714,0.815017,-0.24785835,-1.503815,0.84795463,-0.060223475,-0.71804476,0.33170375,-1.4532223,-1.761807,-0.5759471,0.02128718,0.07392321,0.5358134,1.7597969,-0.9677359,0.38941768,-0.060041886,0.6465402,-0.48101988,0.4469728,-2.0143428,-0.94294447,0.99911815,2.055257,0.5943097,-1.174874,-2.7301502,1.0304139,-1.04057,0.9111657,-1.0335926,-0.5211806,-1.2624242,-1.1217338,1.7391127,0.11028032,0.5845308,0.9958295,-0.28116605,0.5970098,rodolfo
164,1.0422981,-1.2249596,1.2765299,0.4236109,-1.5380205,0.8648129,1.6729622,-2.2406514,0.067448035,-0.5931292,-1.0078746,0.084060065,2.3104262,-0.87358046,-1.6447154,0.7406651,-2.1877723,-0.38590205,-0.5191866,-0.44606507,-0.8335005,1.4628286,-0.28164008,-1.0573956,1.0386536,-0.41312972,0.4046604,1.1102816,0.037586942,0.05479832,-0.7557416,-0.50840884,-0.12553462,0.42616534,-0.45024884,0.23714659,-1.0615629,-0.2891247,0.13230182,-1.5199822,2.6576893,0.2969223,0.49346864,-0.7114153,1.4849236,-1.6983657,1.0690237,-0.04861711,-1.3218453,0.08204675,-0.67016506,-1.9306092,0.10502492,0.14370391,-1.223369,-0.10951366,-1.3265117,-0.089065656,0.1359626,0.8428271,0.9241999,-0.2599707,-1.3604842,-0.6498636,-0.29692984,-0.09305923,-0.45211452,-0.02558992,-0.6856328,-0.319335,-0.027279943,0.34056652,0.081939526,-0.9013102,0.671404,-0.10637568,0.24264765,1.6897368,3.633868,0.09203203,0.7461088,-0.9711324,0.5651929,-0.58555084,1.091458,-1.3425395,2.949954,0.1098042,1.719108,-0.71242654,-0.37757158,0.76758355,0.30382797,-0.47283283,1.2575356,0.21530803,-1.7757566,-0.89857364,0.39039192,0.1258867,2.1157696,1.8855283,-0.12793843,-1.4646053,-0.40563595,1.626882,0.59059507,-1.1999891,-1.9283051,-1.0391151,1.079743,1.8241627,-0.5774791,-0.7395316,-0.5310299,1.4579096,-0.9105184,1.764536,-1.9404255,0.5550928,0.38899368,0.58556867,2.508021,2.436818,1.6099184,0.2078954,0.7672355,0.7473068,rodolfo
165,1.142754,0.6930976,2.390915,-0.6883531,0.0062386114,0.46502066,2.3431685,-2.733419,0.6774125,-1.0020926,1.2556471,-0.8315259,0.96515054,-1.5493426,-0.5541856,1.3524559,-1.8078771,-0.50072736,-1.258802,-1.0652888,-0.45280114,2.254481,-0.40740412,-0.7456941,1.1957977,-0.732501,0.49300584,0.7370813,0.00031981617,-0.26969117,-0.36644945,-0.5418319,1.3901328,0.1741898,0.8050419,0.1339814,-0.7618477,-0.88434994,-0.15023991,0.06353197,1.7937714,-1.1127073,0.026893258,-0.64710784,1.4272987,-1.3347747,-0.03945715,-0.678694,0.61470956,-0.3932254,0.109619804,-2.5559871,0.44613105,-1.2356875,-0.96143657,-0.44046348,-0.64881796,-0.30327109,-0.5402894,0.10708351,0.6191866,-1.3063749,-0.90610135,-1.3585917,-1.1194519,-0.1607763,0.43799242,-0.35148263,1.257045,-1.0900838,-0.8932634,-0.89541423,-0.5820853,-1.5961336,-0.8583484,-0.26049232,0.97468686,1.4445895,2.5876305,0.59954786,0.9084492,-0.120031804,0.36601427,-0.44354004,1.0800985,-1.0139982,2.4974933,-0.04690926,1.9127047,0.5075587,-0.7481044,1.3712313,1.5679523,0.18093503,0.926507,-0.5060621,-2.294999,-0.5063357,-0.4596107,0.69839466,1.3747569,0.017233185,0.0953044,-0.6684973,-0.4346624,1.7285916,-0.0016128821,-0.49387273,-2.837049,-0.31219536,0.5125637,1.7637457,-0.35706463,-0.40716603,0.07378018,1.3914323,0.18956508,0.15703654,-0.7422231,1.1754658,-0.39026016,0.42756796,1.4205528,2.1398964,1.7571477,0.8087462,-0.43836927,1.2873918,rodolfo
166,1.142754,0.6930976,2.390915,-0.6883531,0.0062386114,0.46502066,2.3431685,-2.733419,0.6774125,-1.0020926,1.2556471,-0.8315259,0.96515054,-1.5493426,-0.5541856,1.3524559,-1.8078771,-0.50072736,-1.258802,-1.0652888,-0.45280114,2.254481,-0.40740412,-0.7456941,1.1957977,-0.732501,0.49300584,0.7370813,0.00031981617,-0.26969117,-0.36644945,-0.5418319,1.3901328,0.1741898,0.8050419,0.1339814,-0.7618477,-0.88434994,-0.15023991,0.06353197,1.7937714,-1.1127073,0.026893258,-0.64710784,1.4272987,-1.3347747,-0.03945715,-0.678694,0.61470956,-0.3932254,0.109619804,-2.5559871,0.44613105,-1.2356875,-0.96143657,-0.44046348,-0.64881796,-0.30327109,-0.5402894,0.10708351,0.6191866,-1.3063749,-0.90610135,-1.3585917,-1.1194519,-0.1607763,0.43799242,-0.35148263,1.257045,-1.0900838,-0.8932634,-0.89541423,-0.5820853,-1.5961336,-0.8583484,-0.26049232,0.97468686,1.4445895,2.5876305,0.59954786,0.9084492,-0.120031804,0.36601427,-0.44354004,1.0800985,-1.0139982,2.4974933,-0.04690926,1.9127047,0.5075587,-0.7481044,1.3712313,1.5679523,0.18093503,0.926507,-0.5060621,-2.294999,-0.5063357,-0.4596107,0.69839466,1.3747569,0.017233185,0.0953044,-0.6684973,-0.4346624,1.7285916,-0.0016128821,-0.49387273,-2.837049,-0.31219536,0.5125637,1.7637457,-0.35706463,-0.40716603,0.07378018,1.3914323,0.18956508,0.15703654,-0.7422231,1.1754658,-0.39026016,0.42756796,1.4205528,2.1398964,1.7571477,0.8087462,-0.43836927,1.2873918,rodolfo
167,0.3519162,-0.92904234,1.2620237,0.9432986,-1.0304384,3.1443853,0.5626708,-0.72956777,2.2597425,-0.58123285,-0.026497755,-1.4958738,-0.87190306,0.3061854,-2.3858373,1.2478732,-0.8658984,0.2949729,-0.4706896,-1.0061822,-0.34578922,0.24189101,-0.0074733607,-1.8286403,1.001887,-0.702691,1.7202871,-0.1363035,-1.0497996,-0.006238415,-1.0094591,0.23879685,0.65568614,-1.5238998,0.6618979,0.4080564,-2.004272,0.37904036,1.3216515,1.053489,2.3177993,-1.5835484,0.27321476,-0.31033325,1.9745299,-0.99370766,-0.3581786,-0.26538864,-0.16953507,0.32877812,-0.79158324,-0.74535096,1.1867255,0.36534914,0.3803989,0.3541684,0.23233134,-0.9505173,-0.34347665,0.056228064,1.2602323,-0.45289123,0.93323606,-0.1811176,0.09680846,0.021365665,0.045542825,0.24927835,-0.8450013,-0.93810093,-2.251835,0.3493413,0.2558473,-1.4013658,0.68106186,-0.625552,-0.30191857,1.6358876,2.053755,1.2610785,0.81073385,-1.0386301,1.8390582,-0.2336732,0.69842947,-1.088332,1.2136232,0.01189746,0.70984316,-0.3929278,0.14496359,0.47042438,0.19364962,-0.015920598,-0.24420854,0.35764438,-2.182774,-0.69689894,-1.6019323,0.56886756,0.29913914,1.3322705,-0.51315355,0.2228537,0.70146745,-0.40667176,-1.0120505,1.0046014,-1.5214319,-0.42564166,2.161093,0.58167017,0.0325727,0.51285744,-2.530315,0.20870075,0.20786875,2.0670786,-0.78294575,-1.0452269,0.03452396,0.004194213,2.112159,1.2739396,0.67872465,-0.22677457,-0.3273348,0.6984757,rodolfo
168,-0.19970217,-0.18118581,1.7169169,1.5179065,-1.6866335,2.062569,1.4717426,-0.03962962,1.5987198,-0.7855335,-0.17982972,-1.4536762,-1.1426301,0.2394684,-2.9299853,1.5982617,-1.2644026,0.66756326,-1.075008,0.37782982,0.58493614,0.41798323,-0.49078214,-1.889916,1.378501,-1.309586,1.0830834,-0.31760988,-0.65207493,-0.035290983,-0.78761804,0.034604132,0.5757542,-0.7707769,0.6743916,-0.011220109,-1.7998229,-0.44769353,1.2968447,1.4842939,2.1368847,-0.96786433,-0.17376077,-0.257051,2.233748,-0.7913104,-0.0668409,0.6033845,-0.7433609,0.5333815,-1.4294486,0.25427672,1.6902092,1.0769912,-0.1942407,-0.08894385,0.2949579,-0.33701226,0.64471805,0.6559862,1.4948022,-0.4353791,-0.18078272,-0.6657538,1.1288179,-0.11127822,0.72971946,0.90954345,-1.1679134,-1.0819111,-2.6696274,-0.0024476945,0.00058357976,-1.4610938,0.2319473,-0.93942326,0.649436,1.9800216,2.1044686,1.2698635,1.0321887,-1.4555774,2.124225,-1.4043137,1.0042834,-0.30821243,0.73304313,-0.11944133,0.13550211,0.55206347,-0.19600916,1.166029,-0.32673642,-0.5836302,-0.79709846,-0.27802303,-1.797718,-1.7112572,-0.38027367,1.6785877,-0.3715955,2.1859388,-0.8056894,0.6104363,-0.23965582,0.08016366,-0.7727163,1.7603655,-2.169031,-0.049989402,1.7957162,0.46284133,0.817302,-0.37657356,-2.3477855,0.36605805,0.53373003,1.8546138,-0.44475362,-1.2802806,0.89455605,-0.064108245,0.8798129,0.33610198,0.745764,-0.31313485,-0.53317106,1.1328824,rodolfo
169,-0.33676985,-1.0600117,2.012235,0.7636114,-1.1028161,2.671371,0.30535638,-1.2284071,2.3865573,0.121309265,-0.5967362,-1.090702,-0.9180796,-0.15507583,-2.1716359,1.3127607,-1.1123804,-0.17479405,-0.70174956,-1.3633925,0.8487792,0.042236164,0.4544649,-0.6002633,1.1495974,-0.9260426,1.456331,-0.048332557,0.020232081,0.27277806,-0.61145854,-0.030707832,0.6165748,-1.3433844,0.81620675,-0.72288615,-1.9830425,0.794294,1.2530391,1.0417767,1.5512182,-1.4880761,0.25450388,-0.8599779,1.4587638,0.112143725,0.0048623905,-0.29051673,-0.6647644,0.57884526,-1.7964011,-1.1211126,1.4729258,0.41150856,-0.22942126,0.1977154,0.7921503,-0.78015536,-0.41544935,0.14122114,0.96679574,-0.37571627,-0.10827631,-0.13381152,-0.39639172,0.040641982,0.6244611,0.98407894,-0.5315394,-0.986583,-2.0596173,0.34261274,0.112014905,-0.81937146,0.22677049,-0.6128467,0.5456761,1.4583853,1.3008225,0.9490862,0.341655,-2.1948874,1.5448266,-0.6616185,0.8082844,-0.7734819,1.9208909,-0.20272096,-0.3108872,-0.2828544,0.69812393,0.12126253,0.80009174,-0.29440588,0.5424549,0.44836357,-2.304195,0.586948,-1.4702535,-0.49930912,0.14536647,1.302616,0.120790705,-0.09349754,0.48513097,-0.2829482,-1.5592797,0.4650596,-1.289333,-0.37972036,1.9107666,-0.01806017,-0.26039067,0.27693808,-2.6631856,0.6257317,0.24712837,2.043305,-1.2788318,-0.36387113,0.12838459,-0.10898849,1.680614,1.149609,1.27126,-0.44860333,-0.15956156,1.3874592,rodolfo
170,-0.31147835,-0.9019985,1.1038226,1.6876868,-1.1676886,2.154718,0.79224545,-0.9633051,1.0786499,0.12297356,-0.20344576,-1.6681079,-1.3715633,0.5644822,-1.9088395,0.91310525,-0.8221028,0.65165526,-1.2596395,-1.1016593,-0.107188426,-0.43533897,0.35639295,-1.4062532,0.8661919,-0.9222843,0.619274,-0.734301,-1.0345944,-0.5857592,0.016921122,0.11319356,0.10682533,-0.9686173,1.5474709,0.006373208,-1.5017219,0.106782675,1.840822,0.86393845,2.2780864,-0.69763,1.1160058,-0.2080059,1.5642916,-0.9986244,0.2904563,0.24910608,-1.2792492,1.683184,-1.0374322,-0.56593937,1.1450163,0.7710359,0.70261157,0.5142654,0.04966561,-0.612847,-0.1833211,-0.16124418,1.7780293,-1.791502,0.70961875,-0.57732964,-0.3362143,-0.07468815,-0.92198074,0.83067954,-1.1060321,-0.8432535,-2.407342,0.19470465,0.2310257,-1.4510075,0.6089358,-0.71788573,0.20477772,1.4325298,1.2972753,0.9461913,0.6914229,-1.0303397,1.5657803,-0.032232918,0.74862325,-0.84002084,1.277321,-0.2361776,0.3169599,0.03952216,-0.9253163,0.13446164,0.0059305467,0.3418775,-0.00043594092,-0.15979145,-1.98674,-0.39764073,-1.1429286,0.34937087,-0.33247638,1.7720455,-0.8002044,0.25026652,0.9411692,-1.2748332,-0.65421295,1.614083,-1.7963387,-0.545275,2.4468868,0.91612524,1.0733259,0.23136957,-3.187549,0.106321126,0.88247204,1.2954152,-1.6113781,-0.9184965,0.020497583,-0.9608464,2.0476563,0.7779909,-0.42788887,-0.054250937,-0.8765254,1.0671566,rodolfo
171,0.871207,0.27531365,-0.3366734,-0.23485768,0.1917548,0.48665348,0.5691265,-2.1349545,-0.58116555,-0.31559524,-1.0056797,0.42494708,1.2141157,1.108083,-0.46555087,-0.34591806,-1.9100324,-0.35169274,0.1304554,-1.1263945,-1.9463067,0.2757843,1.0493282,-1.1248704,0.2388113,-1.7265217,-0.5774182,0.5823071,-0.6541429,1.0527681,0.42794204,-1.429315,-0.910664,1.592358,-0.6920214,-1.4147507,0.8134735,-0.048371486,0.9552122,-0.07457154,0.7869968,-0.46306068,1.0562054,0.34610346,-0.58994454,-2.2804658,-1.2251846,1.1645758,0.5450936,0.8142388,-0.06372711,1.1355516,0.9638354,-0.15581113,-0.888518,0.16474503,-0.34894738,0.31597593,-0.7847616,-0.20032704,-0.05137418,-0.97726446,-1.0672036,0.9696154,-0.7868005,1.0485905,-0.23661983,-1.6476836,-1.6314057,-0.68595505,1.1996989,0.2864569,2.0080554,0.44842964,-0.32816637,0.5808319,0.8410059,0.9301137,0.6169485,-0.83230263,-0.7597294,2.8119318,1.0199957,1.6370592,0.3008972,-1.4250076,0.36875373,-1.1811377,0.7380086,0.84986293,-1.3268591,-0.6884786,-0.7452089,0.9715327,1.2276298,0.9856191,-1.8333638,0.04167588,-0.8697258,-1.709668,1.5468307,-0.855565,-0.19977283,0.18772429,-0.8462331,1.4882976,0.44268325,0.16576082,-0.43852288,-2.5077343,1.1172749,2.0508366,0.010406267,0.486281,1.3954548,0.7694664,1.190208,-0.68052286,-2.407605,0.64588004,1.1831756,-1.2433507,1.0774615,0.061277993,-1.358849,0.47002795,0.6810087,-1.2835445,tayline
172,0.727407,0.018072307,-0.17853785,0.20157555,0.3832554,0.3392379,0.5987149,-2.3827055,-0.25223893,-0.119495854,-1.3764695,0.46458656,1.3163621,1.3451039,-0.6903559,-0.072233856,-1.649532,-0.28250003,-0.06635572,-1.2838409,-2.1460657,0.83893114,0.98010784,-0.944307,0.5359658,-1.2250592,-0.38562593,0.57987744,-0.24105956,0.78597546,0.4556955,-2.0903628,-0.9442008,1.4391888,-0.5109313,-0.7619455,0.5770545,0.023230545,1.0013463,-0.1445605,0.7945792,-0.4584055,1.0607184,0.15350504,-0.2897704,-1.7670453,-1.2309281,0.9523388,0.49409086,0.79970706,-0.18701021,1.2499346,0.7469178,-0.52677894,-0.8846734,0.2736144,-0.13674462,0.38972518,-0.38268688,-0.25606376,0.04687322,-1.0551039,-1.0459409,1.0130357,-0.66346794,1.427996,-0.18157926,-1.6427071,-1.4639833,-0.6295725,1.4559656,0.37150827,2.0516481,0.31311232,-0.037663903,0.3831975,0.959108,0.9102117,0.89807725,-0.55689484,-1.1608468,2.7100537,1.4881873,1.8205274,0.12754843,-1.180119,0.43931207,-0.8701275,0.87110245,0.89517844,-1.1182626,-0.24949262,-0.37018272,1.1244956,1.195253,0.7513296,-1.7808516,0.38267732,-0.82760435,-1.39794,1.7003767,-0.38576716,-0.2508809,0.2094851,-0.74593,1.6300502,0.3106499,0.3529076,-0.70225734,-2.7070694,1.3615602,2.416292,0.2481549,0.67130226,1.8385094,0.8736446,1.3987477,-0.102687836,-2.1516342,0.4854515,1.4409134,-1.0999786,1.02348,-0.25396788,-1.3919021,0.33190054,1.0503392,-1.5070981,tayline
173,1.27439,0.38106385,-0.050210714,0.09262844,0.21736042,0.53311133,0.52237326,-2.5970666,-0.4593497,0.08451696,-1.4207493,0.6098833,1.3746815,0.8320011,0.06725167,-0.2217028,-1.823494,-0.19644935,0.082781136,-1.0527418,-1.9032958,1.1659058,0.6819012,-1.3739696,0.2058377,-1.2710618,-0.49577495,0.810105,-0.28657728,1.0147314,-0.19345802,-1.406415,-1.5398968,1.0873104,-0.44098324,-0.9761218,0.8106751,-0.24839243,0.53928065,-0.7763308,0.7716935,-0.31785345,0.89277065,0.19488117,-0.43952727,-1.7798337,-0.8540551,0.49128214,0.66066235,1.399609,-0.14043154,0.54097116,0.77664435,-0.52724105,-0.73835266,-0.3058597,-0.2012024,0.52603036,-0.8065903,-0.20946148,-0.31909472,-1.188852,-0.7354484,1.0069984,-0.7207238,1.3735791,0.026757613,-1.9690655,-1.2127312,-0.47201782,1.6698011,0.18691689,1.8519685,0.5452353,0.13403125,0.47367308,0.4392443,0.75938255,0.8733547,-0.14745864,-0.9710078,2.556823,1.4236519,1.8088613,0.21641427,-1.3438537,0.47696218,-0.79012907,1.0625514,0.31011263,-1.1188492,-0.3553183,-0.5493962,1.006327,1.3829178,0.7683065,-1.9670973,0.33786067,-0.66660595,-1.8299198,1.6831357,-0.54484546,-0.5675899,-0.13039806,-0.6330683,1.3422458,0.46580765,0.25742096,-0.039010055,-2.2261367,1.0734243,1.961555,-0.18908608,1.0508578,1.6402534,0.67510056,1.2259556,-0.36270928,-2.332749,0.8633857,1.3757491,-1.2214882,1.1429148,-0.22697219,-1.4632102,0.6762829,0.8530475,-1.4218453,tayline
174,-0.20160338,0.515355,-0.6148345,-0.5909587,-0.7365615,1.0792409,0.9651382,-0.6637332,-0.09047825,0.81152475,0.20188645,0.4655245,-0.61020994,-0.12638983,-0.7468678,0.044503443,-0.47095802,0.40628707,0.840695,-1.02835,-1.0781375,0.4884228,0.70208544,-0.1454252,0.16038881,0.14994797,0.10562355,0.16783868,0.18505919,0.82999676,0.43209594,-0.92009723,0.75008047,1.4820329,1.0420972,-0.38718787,0.101068035,0.046494424,1.2446158,-1.016981,-0.48352653,0.027163861,-1.162008,1.0773995,0.38863444,-0.71237636,-1.1377796,-0.015309945,0.1382758,0.39396906,-0.0976529,0.19123901,0.5983871,-0.13079286,0.12582727,1.8494302,-0.20453097,-0.3466644,0.16297501,-2.056084,-0.26146907,0.6467359,-0.5555994,-0.8411414,0.1968438,2.2790048,-0.8341102,0.14696443,-0.84576505,0.26636636,0.7201242,0.6197995,1.3436964,-0.5526244,-0.86780995,0.37812337,-0.42399552,-0.60595447,0.6233985,0.7583937,-0.7666634,0.7736275,-0.04542112,1.1236458,1.627107,-0.8800449,0.08223299,0.86373055,1.0785947,1.3917559,-0.9294619,0.5028449,-1.3627275,1.6576506,0.3542091,-0.3339937,0.16076435,-0.3932292,-0.78654236,-0.8845868,0.9508019,-0.56101596,-0.3914063,0.66209435,-0.44882092,2.1104987,0.35169497,0.22124162,0.17112446,-0.77967596,1.5258157,0.5310465,-0.45262328,0.79353637,0.83263206,1.3276467,0.71075714,-1.1493812,0.61258584,-0.4332783,1.2336932,1.0694611,0.1234205,-0.11148229,-0.28713697,-0.45544094,1.3196889,-1.6332439,tayline
175,-0.007319562,0.10643835,-0.19477406,-0.5168184,-1.0785339,1.0122554,0.7969013,-0.6782576,-0.47689956,0.522262,0.0039868653,-0.057077505,-0.41635907,-0.02283907,-0.3691316,-0.19103625,0.008598775,0.57022816,0.9143659,-1.4339696,-1.1467844,0.17392017,1.3421853,0.31967697,0.57756037,0.29281422,-0.38291472,0.09203261,0.53634846,0.8120655,0.70420146,-1.1006287,0.56818676,1.4778595,1.2473689,-0.64604986,-0.2626096,1.1346713,1.0424975,-0.7645434,-0.54781425,-0.16312751,-0.91978395,0.4319511,0.84855556,-0.12771185,-0.39961824,0.018149631,0.35267347,-0.15610652,-0.1838038,0.2321879,0.94921875,-0.69425756,0.10590404,2.1050935,0.07971549,-0.06658942,0.59892714,-1.3924735,0.19699666,0.69817257,-0.9400038,-0.52046376,0.02328815,1.4174764,-0.39919746,0.118071,-0.6857966,0.5072273,0.8773534,0.582847,0.69441175,-0.78004396,-0.77011454,0.281114,-0.71985674,-0.49487388,0.038480453,0.17637797,-0.28568348,0.26431435,-0.30737227,0.6538404,1.5549792,-0.7499883,0.31638336,0.20754944,0.2144899,0.39208618,-0.6118562,0.42704818,-1.2369256,1.2814938,0.7219456,-0.34216532,0.15871185,0.13266502,-0.47436225,-0.7775113,0.8639895,-0.41952023,-0.046106726,0.59355885,-0.628895,2.351282,-0.04345771,-0.14014688,-0.20134652,-1.0989453,0.40510675,1.0312021,-0.86496866,0.2903519,0.33854035,1.0401242,0.4774103,-1.2993325,-0.10343555,0.065907836,1.4044753,0.91812336,0.14134407,-0.19755477,-0.12158549,-0.45771185,1.0754409,-1.4412302,tayline
176,0.15472531,0.41293612,0.12848425,-0.9089224,-1.0825641,1.1095333,0.89362097,-0.9013978,-0.087175116,0.31493512,-0.32635134,-0.05745075,0.594953,0.15395665,-0.28944802,0.22127981,-0.29336518,0.8304102,0.8003525,-1.7842602,-1.3419656,0.7479625,1.4193152,0.24074844,0.54947996,0.37933192,0.31314614,-0.046029873,0.1536805,0.70405287,0.5246637,-1.2212898,1.3388269,1.4075705,0.99351615,-0.51508623,-0.22242424,0.31609857,0.9153308,-0.8009335,-0.59694666,-0.7033573,-0.97304094,-0.080500744,1.4702893,-0.31902894,-0.83738995,-0.09781648,0.92142206,-0.5376493,-0.29716623,-0.37689912,-0.048185155,-0.13174999,0.14223005,1.3897833,0.2894032,-0.3856038,0.13798207,-2.015937,-0.11155146,0.70833343,-0.4208657,-0.36853698,-0.10768243,1.378,-0.4997403,-0.5511102,-0.83266056,0.5663316,0.8996504,0.8109609,1.3406414,-0.68648136,-0.41436496,-0.5817274,-1.0608473,-0.6594255,1.152046,0.3064419,-0.22823268,0.6258019,-0.14200391,0.7878058,1.7716832,-0.068270415,0.31387752,0.4117021,0.4167309,0.7752977,-0.2748633,1.2096894,-0.7346828,0.9823358,0.5261711,0.37680066,-0.12393612,0.6047518,-0.9248335,-1.0983466,0.8946723,-0.4004603,0.22407916,0.6685109,-0.3901295,2.5476427,-0.9090251,0.4177512,-0.48530897,-0.9155745,0.03195422,0.8102518,-1.2475696,0.43800476,0.51902413,1.1915606,0.67074835,-1.5635983,0.22040913,-0.41929317,0.956456,0.9160657,0.51585823,-0.067646146,0.15117306,-0.5282607,1.1064684,-1.5291206,tayline
177,0.8606727,0.21995416,-0.23504049,-0.012572601,0.04000257,0.37023094,0.3831516,-2.2460241,-0.50055933,-0.15234539,-1.2474924,0.45635316,1.1929522,1.418827,-0.6123555,-0.3703159,-2.1222947,-0.250429,0.26416534,-1.1359155,-1.9945477,0.26986974,0.9387267,-0.9479046,0.11798078,-1.584727,-0.59625304,0.4125841,-0.49507022,1.0573379,0.42136687,-1.6725347,-0.8909144,1.5027804,-0.8832169,-1.1481012,0.62707675,-0.22961524,0.9238305,-0.1363515,1.0070499,-0.36746487,0.9795387,0.23790377,-0.62750274,-2.127475,-0.9485321,1.213945,0.46747297,0.77151644,-0.037030637,1.1344267,0.73221606,-0.2919655,-0.83484656,0.14217675,-0.22617649,0.55023086,-0.5297728,0.058068164,0.11654984,-1.2287408,-0.8650461,1.0842941,-0.607797,1.09614,-0.29903933,-1.445522,-1.4449022,-0.55249953,1.1836059,0.24365932,2.0610955,0.58614105,-0.166579,0.5219084,0.9352423,1.0418595,0.66166973,-0.8407354,-1.0169283,2.4648497,1.3452187,1.7130723,0.15280075,-1.313469,0.30675754,-0.9998446,0.6770086,0.7116232,-1.11546,-0.5310609,-0.43647537,0.986638,1.1707671,0.8641159,-1.9113688,0.21464537,-0.8611386,-1.6416929,1.2801397,-0.40154615,-0.040963903,0.16572846,-0.7284632,1.1692681,0.3205421,0.48475075,-0.7317233,-2.6390693,1.2367297,2.1063032,-0.100605324,0.59835017,1.4334114,0.88205993,1.4816711,-0.4478258,-2.3335438,0.8173019,1.0353725,-1.1824952,0.97530764,-0.09401467,-1.3670888,0.25699815,0.5877275,-1.1727271,tayline
178,1.2052052,0.4119494,-0.27370963,-0.08622939,0.16755621,0.38928455,-0.11265306,-2.129049,-0.34364805,-0.14071494,-1.284826,0.6436983,1.4344978,0.98077035,-0.12240107,-0.17264767,-1.8450861,-0.53705645,0.3460678,-0.9904183,-1.9967885,0.9861032,0.50621253,-1.2210506,-0.10609697,-2.042401,-0.6929871,1.0301356,-0.5699133,1.0806463,-0.14534642,-1.331221,-0.96167505,0.9243157,-0.91169447,-0.8700908,1.0079648,-0.018568411,0.40337864,-0.4698635,0.93832654,-0.33670092,0.80737865,0.105995566,-0.69987977,-1.925367,-0.9317457,0.7331265,0.72785896,1.2847667,0.055680983,0.7137907,0.74633753,-0.5635288,-0.830239,-0.12499626,-0.4497305,0.45746028,-0.8019392,0.0742208,-0.32986602,-1.0276903,-0.9739151,1.0605586,-0.57565695,0.97827166,0.14745286,-1.7577677,-1.2738826,-0.6653819,1.4295601,0.0654359,1.548989,0.6338933,-0.016136289,0.69705075,0.48032507,0.7538889,0.63095707,-0.5147149,-0.6766322,2.6295788,1.5875795,1.8324732,0.057574093,-1.509564,0.47332907,-0.61134976,0.6035216,0.24022631,-1.0705342,-0.696652,-0.3694039,0.90615755,1.2642843,0.6469742,-2.0458407,0.25747392,-0.69917697,-1.3686548,1.4057252,-0.61602473,-0.5563034,-0.25017172,-0.962692,0.9878939,0.5815807,0.32139525,-0.119052,-2.1513352,0.954734,1.6251844,-0.405755,0.9884673,1.2747881,0.43005592,1.570904,-0.5246383,-2.57334,0.9741406,1.1945981,-1.2069732,0.9585095,-0.15923958,-1.0785905,0.5995647,0.512064,-1.0643866,tayline
